call_id,audio_path,start_time,end_time,noise_type,sr,seg_start_sample,seg_end_sample,core_start_sample,core_end_sample,source_sr,source_len,n_channels,source_core_start,source_core_end,detected_f0,multi_elephant,f0_b,snr_before_db,snr_after_db,snr_improvement_db,f0_hz,harmonic_completeness,harmonics_present,harmonics_possible,valid,reverted
04-040920-02_vehicle_1_c000,C:\Users\tusha\Documents\hackathons\smu\HACKSMU_26\recordings\04-040920-02_vehicle_1.wav,30.6492,33.41613926,car,4000,116596,139664,122596,133664,48000,2761417,1,1471161,1603974,21.484375,False,0.0,2.41,2.41,0.0,21.5,0.579,11,19,True,True
04-040920-02_vehicle_1_c001,C:\Users\tusha\Documents\hackathons\smu\HACKSMU_26\recordings\04-040920-02_vehicle_1.wav,32.0326,36.39585037,car,4000,122130,151583,128130,145583,48000,2761417,1,1537564,1747000,25.390625,False,0.0,6.74,11.48,4.73,25.4,0.316,6,19,True,False
04-040920-02_vehicle_1_c002,C:\Users\tusha\Documents\hackathons\smu\HACKSMU_26\recordings\04-040920-02_vehicle_1.wav,33.3097,40.75915185,car,4000,127238,169036,133238,163036,48000,2761417,1,1598865,1956439,19.53125,False,0.0,-0.02,7.35,7.37,19.5,0.737,14,19,True,False
04-040920-02_vehicle_2_c003,C:\Users\tusha\Documents\hackathons\smu\HACKSMU_26\recordings\04-040920-02_vehicle_2.wav,25.7693,30.23897111,car,4000,97077,126955,103077,120955,48000,2470742,1,1236926,1451470,31.25,True,15.625,4.29,8.4,4.11,31.2,0.316,6,19,True,False
04-040920-03_vehicle_noise_1_c004,C:\Users\tusha\Documents\hackathons\smu\HACKSMU_26\recordings\04-040920-03_vehicle_noise_1.wav,19.0842,24.51165778,car,4000,70336,104046,76336,98046,48000,8111006,1,916041,1176559,25.390625,False,0.0,5.28,13.8,8.52,25.4,0.684,13,19,True,False
04-040920-03_vehicle_noise_1_c005,C:\Users\tusha\Documents\hackathons\smu\HACKSMU_26\recordings\04-040920-03_vehicle_noise_1.wav,24.2989,26.00163185,car,4000,91195,110006,97195,104006,48000,8111006,1,1166347,1248078,25.390625,False,0.0,5.65,9.67,4.03,25.4,0.737,14,19,True,False
04-040920-03_vehicle_noise_1_c006,C:\Users\tusha\Documents\hackathons\smu\HACKSMU_26\recordings\04-040920-03_vehicle_noise_1.wav,25.6218,27.75021481,car,4000,96487,117000,102487,111000,48000,8111006,1,1229846,1332010,19.53125,False,0.0,2.88,3.76,0.88,19.5,0.789,15,19,True,False
04-040920-03_vehicle_noise_1_c007,C:\Users\tusha\Documents\hackathons\smu\HACKSMU_26\recordings\04-040920-03_vehicle_noise_1.wav,26.8988,31.31526074,car,4000,101595,131261,107595,125261,48000,8111006,1,1291142,1503132,23.4375,False,0.0,3.84,6.66,2.83,23.4,0.737,14,19,True,False
04-040920-03_vehicle_noise_1_c008,C:\Users\tusha\Documents\hackathons\smu\HACKSMU_26\recordings\04-040920-03_vehicle_noise_1.wav,125.0646,128.6829052,car,4000,494258,520731,500258,514731,48000,8111006,1,6003100,6176779,27.34375,False,0.0,9.2,9.93,0.73,27.3,0.632,12,19,True,False
04-061218-25_vehicle_noise_1_c009,C:\Users\tusha\Documents\hackathons\smu\HACKSMU_26\recordings\04-061218-25_vehicle_noise_1.wav,13.5536,15.46917333,car,4000,48214,67876,54214,61876,48000,7338888,1,650572,742520,33.203125,False,0.0,2.8,11.62,8.81,33.2,0.368,7,19,True,False
04-061218-25_vehicle_noise_1_c010,C:\Users\tusha\Documents\hackathons\smu\HACKSMU_26\recordings\04-061218-25_vehicle_noise_1.wav,24.6745,27.97354296,car,4000,92698,117894,98698,111894,48000,7338888,1,1184376,1342730,27.34375,False,0.0,5.47,10.87,5.4,27.3,0.579,11,19,True,False
04-061218-25_vehicle_noise_1_c011,C:\Users\tusha\Documents\hackathons\smu\HACKSMU_26\recordings\04-061218-25_vehicle_noise_1.wav,29.6763,33.02855333,car,4000,112705,138114,118705,132114,48000,7338888,1,1424462,1585370,15.625,False,0.0,1.14,6.6,5.46,15.6,0.526,10,19,True,False
061220-24_airplane_01_c012,C:\Users\tusha\Documents\hackathons\smu\HACKSMU_26\recordings\061220-24_airplane_01.wav,23.8035,25.39981111,airplane,4000,89214,107599,95214,101599,48000,2199962,1,1142568,1219190,31.25,True,15.625,17.53,17.66,0.13,31.2,0.211,4,19,True,False
090224-09_generator_01_c013,C:\Users\tusha\Documents\hackathons\smu\HACKSMU_26\recordings\090224-09_generator_01.wav,50.5826,53.45596,generator_60hz,4000,196330,219823,202330,213823,48000,19730780,1,2427964,2565886,15.625,False,0.0,5.7,5.7,0.0,15.6,0.947,18,19,True,True
090224-09_generator_01_c014,C:\Users\tusha\Documents\hackathons\smu\HACKSMU_26\recordings\090224-09_generator_01.wav,115.4863,124.10638,generator_60hz,4000,455945,502425,461945,496425,48000,19730780,1,5543342,5957106,29.296875,True,15.625,11.1,18.8,7.7,29.3,0.105,2,19,False,False
090224-09_generator_01_c015,C:\Users\tusha\Documents\hackathons\smu\HACKSMU_26\recordings\090224-09_generator_01.wav,152.7774,157.6195437,generator_60hz,4000,605109,636478,611109,630478,48000,19730780,1,7333315,7565738,13.671875,False,0.0,7.19,7.71,0.53,13.7,0.895,17,19,True,False
090224-09_generator_01_c016,C:\Users\tusha\Documents\hackathons\smu\HACKSMU_26\recordings\090224-09_generator_01.wav,273.6229,277.6136778,generator_60hz,4000,1088491,1116454,1094491,1110454,48000,19730780,1,13133899,13325456,19.53125,True,13.671875,1.1,1.1,0.0,19.5,0.737,14,19,True,True
090224-09_generator_01_c017,C:\Users\tusha\Documents\hackathons\smu\HACKSMU_26\recordings\090224-09_generator_01.wav,280.2742,282.8282978,generator_60hz,4000,1115096,1137313,1121096,1131313,48000,19730780,1,13453161,13575758,25.390625,True,13.671875,10.37,13.35,2.98,25.4,0.053,1,19,False,False
1989-06_airplane_01_c018,C:\Users\tusha\Documents\hackathons\smu\HACKSMU_26\recordings\1989-06_airplane_01.wav,15.1885,21.89300667,airplane,4000,54754,93572,60754,87572,48000,3985815,1,729048,1050864,19.53125,False,0.0,-0.46,2.54,3.0,19.5,0.632,12,19,True,False
1989-06_airplane_01_c019,C:\Users\tusha\Documents\hackathons\smu\HACKSMU_26\recordings\1989-06_airplane_01.wav,54.7481,58.73887778,airplane,4000,212992,240955,218992,234955,48000,3985815,1,2627908,2819466,29.296875,True,13.671875,6.23,7.9,1.67,29.3,0.158,3,19,False,False
1989-06_airplane_01_c020,C:\Users\tusha\Documents\hackathons\smu\HACKSMU_26\recordings\1989-06_airplane_01.wav,70.1472,73.18019111,airplane,4000,274588,298720,280588,292720,48000,3985815,1,3367065,3512649,23.4375,False,0.0,7.86,12.93,5.07,23.4,0.684,13,19,True,False
1989-08_airplane_01_c021,C:\Users\tusha\Documents\hackathons\smu\HACKSMU_26\recordings\1989-08_airplane_01.wav,18.0101,20.40456667,airplane,4000,66040,87618,72040,81618,48000,5521094,1,864484,979419,31.25,True,15.625,3.43,12.65,9.22,31.2,0.316,6,19,True,False
1989-08_airplane_01_c022,C:\Users\tusha\Documents\hackathons\smu\HACKSMU_26\recordings\1989-08_airplane_01.wav,22.1605,24.71459778,airplane,4000,82642,104858,88642,98858,48000,5521094,1,1063704,1186300,21.484375,False,0.0,9.24,9.82,0.58,21.5,0.684,13,19,True,False
1989-08_airplane_01_c023,C:\Users\tusha\Documents\hackathons\smu\HACKSMU_26\recordings\1989-08_airplane_01.wav,31.0999,34.71820518,airplane,4000,118399,144872,124399,138872,48000,5521094,1,1492795,1666473,17.578125,False,0.0,6.39,12.69,6.29,17.6,0.579,11,19,True,False
1989-08_airplane_01_c024,C:\Users\tusha\Documents\hackathons\smu\HACKSMU_26\recordings\1989-08_airplane_01.wav,33.5475,35.46307333,airplane,4000,128190,147852,134190,141852,48000,5521094,1,1610280,1702227,19.53125,False,0.0,3.4,10.04,6.64,19.5,0.579,11,19,True,False
1989-08_airplane_01_c025,C:\Users\tusha\Documents\hackathons\smu\HACKSMU_26\recordings\1989-08_airplane_01.wav,35.3035,39.82638148,airplane,4000,135214,165305,141214,159305,48000,5521094,1,1694568,1911666,19.53125,False,0.0,5.83,8.51,2.68,19.5,0.474,9,19,True,False
1989-08_airplane_01_c026,C:\Users\tusha\Documents\hackathons\smu\HACKSMU_26\recordings\1989-08_airplane_01.wav,42.4337,46.37126741,airplane,4000,163734,191485,169734,185485,48000,5521094,1,2036817,2225820,29.296875,True,15.625,10.38,10.38,0.0,29.3,0.632,12,19,True,True
1989-08_airplane_01_c027,C:\Users\tusha\Documents\hackathons\smu\HACKSMU_26\recordings\1989-08_airplane_01.wav,45.8923,48.97850148,airplane,4000,177569,201914,183569,195914,48000,5521094,1,2202830,2350968,27.34375,True,15.625,8.98,20.81,11.84,27.3,0.263,5,19,True,False
1989-08_airplane_01_c028,C:\Users\tusha\Documents\hackathons\smu\HACKSMU_26\recordings\1989-08_airplane_01.wav,50.2024,53.12897037,airplane,4000,194809,218515,200809,212515,48000,5521094,1,2409715,2550190,29.296875,False,0.0,11.7,11.98,0.28,29.3,0.474,9,19,True,False
1989-08_airplane_01_c029,C:\Users\tusha\Documents\hackathons\smu\HACKSMU_26\recordings\1989-08_airplane_01.wav,52.7033,54.83171481,airplane,4000,204813,225326,210813,219326,48000,5521094,1,2529758,2631922,25.390625,False,0.0,5.72,8.15,2.43,25.4,0.474,9,19,True,False
1989-08_airplane_01_c030,C:\Users\tusha\Documents\hackathons\smu\HACKSMU_26\recordings\1989-08_airplane_01.wav,80.6928,85.9074163,airplane,4000,316771,349629,322771,343629,48000,5521094,1,3873254,4123555,31.25,False,0.0,9.99,9.99,0.0,31.2,0.632,12,19,True,True
1989-08_airplane_01_c031,C:\Users\tusha\Documents\hackathons\smu\HACKSMU_26\recordings\1989-08_airplane_01.wav,86.2267,88.94042889,airplane,4000,338906,361761,344906,355761,48000,5521094,1,4138881,4269140,15.625,False,0.0,6.05,9.42,3.37,15.6,0.789,15,19,True,False
1989-08_airplane_01_c032,C:\Users\tusha\Documents\hackathons\smu\HACKSMU_26\recordings\1989-08_airplane_01.wav,88.8872,92.45229481,airplane,4000,349548,375809,355548,369809,48000,5521094,1,4266585,4437710,33.203125,True,15.625,9.91,13.71,3.8,33.2,0.158,3,19,False,False
1989-08_airplane_02_c033,C:\Users\tusha\Documents\hackathons\smu\HACKSMU_26\recordings\1989-08_airplane_02.wav,18.7263,21.33360815,airplane,4000,68905,91334,74905,85334,48000,2132726,1,898862,1024013,31.25,True,15.625,3.34,7.42,4.08,31.2,0.053,1,19,False,False
1989-08_airplane_02_c034,C:\Users\tusha\Documents\hackathons\smu\HACKSMU_26\recordings\1989-08_airplane_02.wav,22.8767,25.53721852,airplane,4000,85506,108148,91506,102148,48000,2132726,1,1098081,1225786,33.203125,False,0.0,4.08,19.49,15.41,33.2,0.474,9,19,True,False
1989-08_airplane_02_c035,C:\Users\tusha\Documents\hackathons\smu\HACKSMU_26\recordings\1989-08_airplane_02.wav,31.7696,35.1750637,airplane,4000,121078,146700,127078,140700,48000,2132726,1,1524940,1688403,17.578125,False,0.0,6.64,9.98,3.34,17.6,0.579,11,19,True,False
1989-08_airplane_02_c036,C:\Users\tusha\Documents\hackathons\smu\HACKSMU_26\recordings\1989-08_airplane_02.wav,34.5365,36.34565259,airplane,4000,132146,151382,138146,145382,48000,2132726,1,1657751,1744591,19.53125,False,0.0,3.1,9.84,6.74,19.5,0.579,11,19,True,False
1989-08_airplane_02_c037,C:\Users\tusha\Documents\hackathons\smu\HACKSMU_26\recordings\1989-08_airplane_02.wav,36.2925,40.70896074,airplane,4000,139170,168835,145170,162835,48000,2132726,1,1742039,1954030,19.53125,False,0.0,5.79,7.39,1.6,19.5,0.526,10,19,True,False
1989-08_airplane_03_c038,C:\Users\tusha\Documents\hackathons\smu\HACKSMU_26\recordings\1989-08_airplane_03.wav,16.6567,18.94474593,airplane,4000,60626,81778,66626,75778,48000,9218708,1,799521,909347,29.296875,True,15.625,16.24,16.24,0.0,29.3,0.632,12,19,True,True
1989-08_airplane_03_c039,C:\Users\tusha\Documents\hackathons\smu\HACKSMU_26\recordings\1989-08_airplane_03.wav,20.7539,23.41441852,airplane,4000,77015,99657,83015,93657,48000,9218708,1,996187,1123892,33.203125,False,0.0,4.08,12.39,8.31,33.2,0.211,4,19,True,False
1989-08_airplane_03_c040,C:\Users\tusha\Documents\hackathons\smu\HACKSMU_26\recordings\1989-08_airplane_03.wav,29.6764,33.02865333,airplane,4000,112705,138114,118705,132114,48000,9218708,1,1424467,1585375,17.578125,False,0.0,6.77,11.95,5.19,17.6,0.632,12,19,True,False
1989-08_airplane_03_c041,C:\Users\tusha\Documents\hackathons\smu\HACKSMU_26\recordings\1989-08_airplane_03.wav,32.2305,33.98644222,airplane,4000,122922,141945,128922,135945,48000,9218708,1,1547064,1631349,19.53125,False,0.0,2.58,8.99,6.41,19.5,0.579,11,19,True,False
1989-08_airplane_03_c042,C:\Users\tusha\Documents\hackathons\smu\HACKSMU_26\recordings\1989-08_airplane_03.wav,33.88,38.40288148,airplane,4000,129520,159611,135520,153611,48000,9218708,1,1626240,1843338,19.53125,False,0.0,5.66,5.66,0.0,19.5,0.632,12,19,True,True
1989-08_airplane_03_c043,C:\Users\tusha\Documents\hackathons\smu\HACKSMU_26\recordings\1989-08_airplane_03.wav,41.2231,45.90561259,airplane,4000,158892,189622,164892,183622,48000,9218708,1,1978708,2203469,31.25,True,15.625,11.03,18.14,7.1,31.2,0.158,3,19,False,False
1989-08_airplane_03_c044,C:\Users\tusha\Documents\hackathons\smu\HACKSMU_26\recordings\1989-08_airplane_03.wav,48.85,53.47930222,airplane,4000,189400,219917,195400,213917,48000,9218708,1,2344800,2567006,29.296875,False,0.0,11.04,11.04,0.0,29.3,0.526,10,19,True,True
1989-08_airplane_03_c045,C:\Users\tusha\Documents\hackathons\smu\HACKSMU_26\recordings\1989-08_airplane_03.wav,53.961,59.92056148,airplane,4000,209844,245682,215844,239682,48000,9218708,1,2590128,2876186,23.4375,False,0.0,-1.68,8.91,10.59,23.4,0.474,9,19,True,False
1989-08_airplane_03_c046,C:\Users\tusha\Documents\hackathons\smu\HACKSMU_26\recordings\1989-08_airplane_03.wav,79.7149,84.76988518,airplane,4000,312859,345079,318859,339079,48000,9218708,1,3826315,4068954,29.296875,False,0.0,4.51,11.46,6.95,29.3,0.526,10,19,True,False
1989-08_airplane_03_c047,C:\Users\tusha\Documents\hackathons\smu\HACKSMU_26\recordings\1989-08_airplane_03.wav,85.0359,87.74962889,airplane,4000,334143,356998,340143,350998,48000,9218708,1,4081723,4211982,29.296875,True,15.625,8.46,8.46,0.0,29.3,0.526,10,19,True,True
1989-08_airplane_03_c048,C:\Users\tusha\Documents\hackathons\smu\HACKSMU_26\recordings\1989-08_airplane_03.wav,87.7496,90.83580148,airplane,4000,344998,369343,350998,363343,48000,9218708,1,4211980,4360118,33.203125,True,15.625,10.37,13.14,2.76,33.2,0.211,4,19,True,False
1989-08_airplane_03_c049,C:\Users\tusha\Documents\hackathons\smu\HACKSMU_26\recordings\1989-08_airplane_03.wav,120.6345,123.2418081,airplane,4000,476538,498967,482538,492967,48000,9218708,1,5790456,5915606,33.203125,False,0.0,9.91,9.91,0.0,33.2,0.526,10,19,True,True
1989-08_airplane_03_c050,C:\Users\tusha\Documents\hackathons\smu\HACKSMU_26\recordings\1989-08_airplane_03.wav,126.1845,132.3036926,airplane,4000,498738,535214,504738,529214,48000,9218708,1,6056856,6350577,13.671875,False,0.0,6.83,8.11,1.28,13.7,0.632,12,19,True,False
1989-08_airplane_03_c051,C:\Users\tusha\Documents\hackathons\smu\HACKSMU_26\recordings\1989-08_airplane_03.wav,145.9255,148.2135459,airplane,4000,577702,598854,583702,592854,48000,9218708,1,7004424,7114250,29.296875,True,15.625,11.12,19.78,8.66,29.3,0.263,5,19,True,False
1989-08_airplane_03_c052,C:\Users\tusha\Documents\hackathons\smu\HACKSMU_26\recordings\1989-08_airplane_03.wav,147.5219,152.0447815,airplane,4000,584087,614179,590087,608179,48000,9218708,1,7081051,7298149,27.34375,True,15.625,8.87,8.87,0.0,27.3,0.632,12,19,True,True
1989-08_airplane_03_c053,C:\Users\tusha\Documents\hackathons\smu\HACKSMU_26\recordings\1989-08_airplane_03.wav,157.8447,165.5602037,airplane,4000,625378,668240,631378,662240,48000,9218708,1,7576545,7946889,27.34375,False,0.0,8.41,8.83,0.42,27.3,0.368,7,19,True,False
1989-08_airplane_03_c054,C:\Users\tusha\Documents\hackathons\smu\HACKSMU_26\recordings\1989-08_airplane_03.wav,169.8412,172.0228252,airplane,4000,673364,694091,679364,688091,48000,9218708,1,8152377,8257095,23.4375,False,0.0,4.67,14.84,10.17,23.4,0.263,5,19,True,False
1989-08_airplane_03_c055,C:\Users\tusha\Documents\hackathons\smu\HACKSMU_26\recordings\1989-08_airplane_03.wav,171.4375,174.4172807,airplane,4000,679750,703669,685750,697669,48000,9218708,1,8229000,8372029,33.203125,False,0.0,7.69,7.69,0.0,33.2,0.474,9,19,True,True
1989-08_airplane_03_c056,C:\Users\tusha\Documents\hackathons\smu\HACKSMU_26\recordings\1989-08_airplane_03.wav,176.865,183.7291378,airplane,4000,701460,740916,707460,734916,48000,9218708,1,8489520,8818998,13.671875,False,0.0,4.54,4.54,0.0,13.7,0.895,17,19,True,True
1989-08_airplane_03_c057,C:\Users\tusha\Documents\hackathons\smu\HACKSMU_26\recordings\1989-08_airplane_03.wav,178.8338,180.5365319,airplane,4000,709335,728146,715335,722146,48000,9218708,1,8584022,8665753,25.390625,False,0.0,3.53,12.65,9.12,25.4,0.263,5,19,True,False
2000-23_background_and_vehicle_noise_2_c058,C:\Users\tusha\Documents\hackathons\smu\HACKSMU_26\recordings\2000-23_background_and_vehicle_noise_2.wav,21.5852,26.00166074,car,4000,80340,110006,86340,104006,48000,3180258,1,1036089,1248079,13.671875,False,0.0,5.94,5.94,0.0,13.7,1.0,19,19,True,True
2000-23_background_and_vehicle_noise_2_c059,C:\Users\tusha\Documents\hackathons\smu\HACKSMU_26\recordings\2000-23_background_and_vehicle_noise_2.wav,25.8421,28.2473138,car,4000,97368,118989,103368,112989,48000,3180258,1,1240420,1355871,27.34375,False,0.0,9.33,14.37,5.04,27.3,0.158,3,19,False,False
2000-23_background_and_vehicle_noise_2_c060,C:\Users\tusha\Documents\hackathons\smu\HACKSMU_26\recordings\2000-23_background_and_vehicle_noise_2.wav,28.6198,30.10969037,car,4000,108479,126438,114479,120438,48000,3180258,1,1373750,1445265,29.296875,True,15.625,8.78,11.68,2.9,29.3,0.053,1,19,False,False
2000-23_background_and_vehicle_noise_2_c061,C:\Users\tusha\Documents\hackathons\smu\HACKSMU_26\recordings\2000-23_background_and_vehicle_noise_2.wav,29.3115,33.62154,car,4000,111246,140486,117246,134486,48000,3180258,1,1406952,1613833,31.25,True,15.625,8.85,11.11,2.26,31.2,0.053,1,19,False,False
2000-23_background_and_vehicle_noise_2_c062,C:\Users\tusha\Documents\hackathons\smu\HACKSMU_26\recordings\2000-23_background_and_vehicle_noise_2.wav,33.4619,34.73894889,car,4000,127847,144955,133847,138955,48000,3180258,1,1606171,1667469,27.34375,True,15.625,6.36,11.98,5.62,27.3,0.053,1,19,False,False
2000-23_background_and_vehicle_noise_2_c063,C:\Users\tusha\Documents\hackathons\smu\HACKSMU_26\recordings\2000-23_background_and_vehicle_noise_2.wav,46.7113,51.23418148,car,4000,180845,210936,186845,204936,48000,3180258,1,2242142,2459240,25.390625,False,0.0,10.61,10.61,0.0,25.4,0.526,10,19,True,True
2000-23_background_noise_1_c064,C:\Users\tusha\Documents\hackathons\smu\HACKSMU_26\recordings\2000-23_background_noise_1.wav,8.5713,12.93455037,background,4000,28285,57738,34285,51738,48000,1859846,1,411422,620858,21.484375,False,0.0,1.48,4.84,3.36,21.5,0.316,6,19,True,False
2000-23_background_noise_1_c065,C:\Users\tusha\Documents\hackathons\smu\HACKSMU_26\recordings\2000-23_background_noise_1.wav,20.8097,25.38579185,background,4000,77238,107543,83238,101543,48000,1859846,1,998865,1218518,31.25,False,0.0,7.78,13.57,5.79,31.2,0.474,9,19,True,False
2000-23_background_noise_1_c066,C:\Users\tusha\Documents\hackathons\smu\HACKSMU_26\recordings\2000-23_background_noise_1.wav,25.403,31.78824444,background,4000,95612,133152,101612,127152,48000,1859846,1,1219344,1525835,33.203125,True,15.625,10.82,10.82,0.0,33.2,0.263,5,19,True,True
2000-23_background_vehicle_noise_c067,C:\Users\tusha\Documents\hackathons\smu\HACKSMU_26\recordings\2000-23_background_vehicle_noise.wav,4.3753,8.100025925,car,4000,11501,38400,17501,32400,48000,2200233,1,210014,388801,29.296875,False,0.0,10.09,10.09,0.0,29.3,0.474,9,19,True,True
2000-23_background_vehicle_noise_c068,C:\Users\tusha\Documents\hackathons\smu\HACKSMU_26\recordings\2000-23_background_vehicle_noise.wav,19.3274,23.05212593,car,4000,71309,98208,77309,92208,48000,2200233,1,927715,1106502,29.296875,True,17.578125,9.82,14.2,4.38,29.3,0.211,4,19,True,False
2000-23_vehicle_noise_1_c069,C:\Users\tusha\Documents\hackathons\smu\HACKSMU_26\recordings\2000-23_vehicle_noise_1.wav,6.1912,11.83149926,car,4000,18764,53325,24764,47325,48000,10104120,1,297177,567911,13.671875,False,0.0,7.73,7.73,0.0,13.7,1.0,19,19,True,True
2000-23_vehicle_noise_1_c070,C:\Users\tusha\Documents\hackathons\smu\HACKSMU_26\recordings\2000-23_vehicle_noise_1.wav,64.068,71.2920786,car,4000,250272,291168,256272,285168,48000,10104120,1,3075264,3422019,27.34375,True,15.625,4.31,4.31,0.0,27.3,0.684,13,19,True,True
2000-23_vehicle_noise_1_c071,C:\Users\tusha\Documents\hackathons\smu\HACKSMU_26\recordings\2000-23_vehicle_noise_1.wav,136.2342,140.5974504,car,4000,538936,568389,544936,562389,48000,10104120,1,6539241,6748677,27.34375,True,13.671875,7.6,9.57,1.97,27.3,0.316,6,19,True,False
2000-23_vehicle_noise_2_c072,C:\Users\tusha\Documents\hackathons\smu\HACKSMU_26\recordings\2000-23_vehicle_noise_2.wav,8.0875,13.3021163,car,4000,26350,59208,32350,53208,48000,1034496,1,388200,638501,23.4375,False,0.0,1.54,14.27,12.73,23.4,0.158,3,19,False,False
2000-23_vehicle_noise_3_c073,C:\Users\tusha\Documents\hackathons\smu\HACKSMU_26\recordings\2000-23_vehicle_noise_3.wav,5.7976,11.33147852,car,4000,17190,51325,23190,45325,48000,1782794,1,278284,543910,25.390625,False,0.0,15.41,18.87,3.46,25.4,0.316,6,19,True,False
2000-23_vehicle_noise_3_c074,C:\Users\tusha\Documents\hackathons\smu\HACKSMU_26\recordings\2000-23_vehicle_noise_3.wav,24.1384,31.00253778,car,4000,90553,130010,96553,124010,48000,1782794,1,1158643,1488121,29.296875,False,0.0,14.72,14.72,0.0,29.3,0.421,8,19,True,True
2000-23_vehicle_noise_4_c075,C:\Users\tusha\Documents\hackathons\smu\HACKSMU_26\recordings\2000-23_vehicle_noise_4.wav,6.5301,10.36124667,car,4000,20120,47444,26120,41444,48000,3460193,1,313444,497339,27.34375,False,0.0,10.7,10.7,0.0,27.3,0.632,12,19,True,True
2000-23_vehicle_noise_4_c076,C:\Users\tusha\Documents\hackathons\smu\HACKSMU_26\recordings\2000-23_vehicle_noise_4.wav,14.4585,20.7373237,car,4000,51834,88949,57834,82949,48000,3460193,1,694008,995391,29.296875,False,0.0,12.61,12.61,0.0,29.3,0.474,9,19,True,True
2000-23_vehicle_noise_4_c077,C:\Users\tusha\Documents\hackathons\smu\HACKSMU_26\recordings\2000-23_vehicle_noise_4.wav,26.0051,29.46377407,car,4000,98020,123855,104020,117855,48000,3460193,1,1248244,1414261,25.390625,False,0.0,11.59,18.18,6.59,25.4,0.316,6,19,True,False
2000-23_vehicle_noise_4_c078,C:\Users\tusha\Documents\hackathons\smu\HACKSMU_26\recordings\2000-23_vehicle_noise_4.wav,39.4629,45.79493407,car,4000,151851,189179,157851,183179,48000,3460193,1,1894219,2198156,25.390625,True,15.625,2.73,7.48,4.75,25.4,0.368,7,19,True,False
2000-23_vehicle_noise_4_c079,C:\Users\tusha\Documents\hackathons\smu\HACKSMU_26\recordings\2000-23_vehicle_noise_4.wav,51.4884,58.51216889,car,4000,199953,240048,205953,234048,48000,3460193,1,2471443,2808584,25.390625,False,0.0,6.92,6.92,0.0,25.4,0.684,13,19,True,True
2000-24_generator_noise_1_c080,C:\Users\tusha\Documents\hackathons\smu\HACKSMU_26\recordings\2000-24_generator_noise_1.wav,56.3577,59.23106,generator_60hz,4000,219430,242924,225430,236924,48000,4859266,1,2705169,2843090,25.390625,False,0.0,14.11,14.11,0.0,25.4,0.579,11,19,True,True
2000-24_generator_noise_2_c081,C:\Users\tusha\Documents\hackathons\smu\HACKSMU_26\recordings\2000-24_generator_noise_2.wav,80.1582,83.88292593,generator_60hz,4000,314632,341531,320632,335531,48000,17740327,1,3847593,4026380,17.578125,False,0.0,0.84,3.29,2.45,17.6,0.632,12,19,True,False
2000-24_generator_noise_2_c082,C:\Users\tusha\Documents\hackathons\smu\HACKSMU_26\recordings\2000-24_generator_noise_2.wav,199.7774,203.6085467,generator_60hz,4000,793109,820434,799109,814434,48000,17740327,1,9589315,9773210,29.296875,True,13.671875,10.07,9.99,-0.08,29.3,0.368,7,19,True,False
2000-24_generator_noise_2_c083,C:\Users\tusha\Documents\hackathons\smu\HACKSMU_26\recordings\2000-24_generator_noise_2.wav,214.2506,218.9331126,generator_60hz,4000,851002,881732,857002,875732,48000,17740327,1,10284028,10508789,23.4375,False,0.0,8.83,8.83,0.0,23.4,0.579,11,19,True,True
2000-24_generator_noise_2_c084,C:\Users\tusha\Documents\hackathons\smu\HACKSMU_26\recordings\2000-24_generator_noise_2.wav,228.4046,235.4218933,generator_60hz,4000,907618,947687,913618,941687,48000,17740327,1,10963420,11300250,33.203125,False,0.0,6.78,6.78,0.0,33.2,0.526,10,19,True,True
2000-24_generator_noise_2_c085,C:\Users\tusha\Documents\hackathons\smu\HACKSMU_26\recordings\2000-24_generator_noise_2.wav,260.0582,264.4746607,generator_60hz,4000,1034232,1063898,1040232,1057898,48000,17740327,1,12482793,12694783,13.671875,False,0.0,9.05,14.13,5.08,13.7,0.737,14,19,True,False
2000-24_generator_noise_3_c086,C:\Users\tusha\Documents\hackathons\smu\HACKSMU_26\recordings\2000-24_generator_noise_3.wav,10.6417,13.30221852,generator_60hz,4000,36566,59208,42566,53208,48000,2007165,1,510801,638506,25.390625,True,15.625,4.9,7.68,2.78,25.4,0.211,4,19,True,False
2000-24_generator_noise_3_c087,C:\Users\tusha\Documents\hackathons\smu\HACKSMU_26\recordings\2000-24_generator_noise_3.wav,13.9407,19.63420963,generator_60hz,4000,49762,84536,55762,78536,48000,2007165,1,669153,942442,29.296875,True,15.625,8.55,8.55,0.0,29.3,0.526,10,19,True,True
2000-24_generator_noise_4_c088,C:\Users\tusha\Documents\hackathons\smu\HACKSMU_26\recordings\2000-24_generator_noise_4.wav,19.0808,24.18899555,generator_60hz,4000,70323,102755,76323,96755,48000,11071780,1,915878,1161071,29.296875,False,0.0,3.83,11.4,7.57,29.3,0.316,6,19,True,False
2000-24_generator_noise_4_c089,C:\Users\tusha\Documents\hackathons\smu\HACKSMU_26\recordings\2000-24_generator_noise_4.wav,72.4093,79.27343778,generator_60hz,4000,283637,323093,289637,317093,48000,11071780,1,3475646,3805125,19.53125,False,0.0,-1.89,9.18,11.07,19.5,0.579,11,19,True,False
2000-24_generator_noise_4_c090,C:\Users\tusha\Documents\hackathons\smu\HACKSMU_26\recordings\2000-24_generator_noise_4.wav,79.0019,84.57046058,generator_60hz,4000,310007,344281,316007,338281,48000,11071780,1,3792091,4059382,25.390625,True,13.671875,6.66,6.66,0.0,25.4,0.579,11,19,True,True
2000-24_generator_noise_4_c091,C:\Users\tusha\Documents\hackathons\smu\HACKSMU_26\recordings\2000-24_generator_noise_4.wav,84.1156,86.77611852,generator_60hz,4000,330462,353104,336462,347104,48000,11071780,1,4037548,4165253,11.71875,False,0.0,4.29,4.29,0.0,11.7,1.0,19,19,True,True
2000-24_generator_noise_4_c092,C:\Users\tusha\Documents\hackathons\smu\HACKSMU_26\recordings\2000-24_generator_noise_4.wav,86.7761,90.28798444,generator_60hz,4000,341104,367151,347104,361151,48000,11071780,1,4165252,4333823,25.390625,False,0.0,12.34,12.34,0.0,25.4,0.632,12,19,True,True
2000-24_generator_noise_4_c093,C:\Users\tusha\Documents\hackathons\smu\HACKSMU_26\recordings\2000-24_generator_noise_4.wav,100.1851,105.7721889,generator_60hz,4000,394740,429088,400740,423088,48000,11071780,1,4808884,5077065,21.484375,False,0.0,9.27,12.44,3.16,21.5,0.474,9,19,True,False
2000-24_generator_noise_4_c094,C:\Users\tusha\Documents\hackathons\smu\HACKSMU_26\recordings\2000-24_generator_noise_4.wav,138.7455,145.2903756,generator_60hz,4000,548982,587161,554982,581161,48000,11071780,1,6659784,6973938,23.4375,False,0.0,9.92,11.79,1.87,23.4,0.526,10,19,True,False
2000-24_generator_noise_4_c095,C:\Users\tusha\Documents\hackathons\smu\HACKSMU_26\recordings\2000-24_generator_noise_4.wav,195.4937,202.6771,generator_60hz,4000,775974,816708,781974,810708,48000,11071780,1,9383697,9728500,27.34375,False,0.0,10.2,12.77,2.57,27.3,0.474,9,19,True,False
2000-24_generator_noise_4_c096,C:\Users\tusha\Documents\hackathons\smu\HACKSMU_26\recordings\2000-24_generator_noise_4.wav,220.3618,226.8002548,generator_60hz,4000,875447,913201,881447,907201,48000,11071780,1,10577366,10886412,19.53125,False,0.0,2.72,2.72,0.0,19.5,0.842,16,19,True,True
2000-24_vehicle_and_generator_noise_1_c097,C:\Users\tusha\Documents\hackathons\smu\HACKSMU_26\recordings\2000-24_vehicle_and_generator_noise_1.wav,21.3066,29.23494518,generator_60hz,4000,79226,122939,85226,116939,48000,5166831,1,1022716,1403277,25.390625,False,0.0,13.29,13.29,0.0,25.4,0.632,12,19,True,True
2000-24_vehicle_and_generator_noise_1_c098,C:\Users\tusha\Documents\hackathons\smu\HACKSMU_26\recordings\2000-24_vehicle_and_generator_noise_1.wav,89.4685,93.29964666,generator_60hz,4000,351874,379198,357874,373198,48000,5166831,1,4294488,4478383,23.4375,False,0.0,9.83,9.83,0.0,23.4,0.632,12,19,True,True
2000-24_vehicle_noise_1_c099,C:\Users\tusha\Documents\hackathons\smu\HACKSMU_26\recordings\2000-24_vehicle_noise_1.wav,10.412,16.15872,car,4000,35648,70634,41648,64634,48000,14529710,1,499776,775618,17.578125,False,0.0,-1.22,5.11,6.33,17.6,0.579,11,19,True,False
2000-24_vehicle_noise_1_c100,C:\Users\tusha\Documents\hackathons\smu\HACKSMU_26\recordings\2000-24_vehicle_noise_1.wav,19.7771,24.45961259,car,4000,73108,103838,79108,97838,48000,14529710,1,949300,1174061,23.4375,False,0.0,4.37,11.31,6.94,23.4,0.579,11,19,True,False
2000-24_vehicle_noise_1_c101,C:\Users\tusha\Documents\hackathons\smu\HACKSMU_26\recordings\2000-24_vehicle_noise_1.wav,27.7586,32.49432296,car,4000,105034,135977,111034,129977,48000,14529710,1,1332412,1559727,25.390625,False,0.0,10.27,14.27,4.0,25.4,0.368,7,19,True,False
2000-24_vehicle_noise_1_c102,C:\Users\tusha\Documents\hackathons\smu\HACKSMU_26\recordings\2000-24_vehicle_noise_1.wav,44.6959,49.27199185,car,4000,172783,203087,178783,197087,48000,14529710,1,2145403,2365055,19.53125,True,31.25,5.6,9.48,3.88,19.5,0.263,5,19,True,False
2000-24_vehicle_noise_1_c103,C:\Users\tusha\Documents\hackathons\smu\HACKSMU_26\recordings\2000-24_vehicle_noise_1.wav,71.4607,75.71752963,car,4000,279842,308870,285842,302870,48000,14529710,1,3430113,3634441,11.71875,False,0.0,0.36,5.77,5.4,11.7,0.947,18,19,True,False
2000-24_vehicle_noise_1_c104,C:\Users\tusha\Documents\hackathons\smu\HACKSMU_26\recordings\2000-24_vehicle_noise_1.wav,90.2942,94.44460889,car,4000,355176,383778,361176,377778,48000,14529710,1,4334121,4533341,17.578125,False,0.0,4.03,12.29,8.26,17.6,0.526,10,19,True,False
2000-24_vehicle_noise_1_c105,C:\Users\tusha\Documents\hackathons\smu\HACKSMU_26\recordings\2000-24_vehicle_noise_1.wav,119.2612,122.7730844,car,4000,471044,497092,477044,491092,48000,14529710,1,5724537,5893108,21.484375,False,0.0,1.54,4.31,2.77,21.5,0.579,11,19,True,False
2000-24_vehicle_noise_1_c106,C:\Users\tusha\Documents\hackathons\smu\HACKSMU_26\recordings\2000-24_vehicle_noise_1.wav,133.2023,137.7251815,car,4000,526809,556900,532809,550900,48000,14529710,1,6393710,6610808,19.53125,False,0.0,6.38,7.27,0.89,19.5,0.684,13,19,True,False
2000-24_vehicle_noise_1_c107,C:\Users\tusha\Documents\hackathons\smu\HACKSMU_26\recordings\2000-24_vehicle_noise_1.wav,176.3744,180.7908607,car,4000,699497,729163,705497,723163,48000,14529710,1,8465971,8677961,25.390625,False,0.0,13.17,16.96,3.79,25.4,0.474,9,19,True,False
2000-24_vehicle_noise_1_c108,C:\Users\tusha\Documents\hackathons\smu\HACKSMU_26\recordings\2000-24_vehicle_noise_1.wav,186.8601,192.5791622,car,4000,741440,776316,747440,770316,48000,14529710,1,8969284,9243799,25.390625,False,0.0,7.61,7.61,0.0,25.4,0.579,11,19,True,True
2000-24_vehicle_noise_1_c109,C:\Users\tusha\Documents\hackathons\smu\HACKSMU_26\recordings\2000-24_vehicle_noise_1.wav,202.9069,205.6206289,car,4000,805627,828482,811627,822482,48000,14529710,1,9739531,9869790,29.296875,False,0.0,2.8,11.29,8.49,29.3,0.316,6,19,True,False
2000-24_vehicle_noise_1_c110,C:\Users\tusha\Documents\hackathons\smu\HACKSMU_26\recordings\2000-24_vehicle_noise_1.wav,219.5196,222.6590119,car,4000,872078,896636,878078,890636,48000,14529710,1,10536940,10687632,31.25,False,0.0,4.76,15.0,10.24,31.2,0.421,8,19,True,False
2000-24_vehicle_noise_1_c111,C:\Users\tusha\Documents\hackathons\smu\HACKSMU_26\recordings\2000-24_vehicle_noise_1.wav,264.9425,272.7685851,car,4000,1053770,1097074,1059770,1091074,48000,14529710,1,12717240,13092892,33.203125,False,0.0,2.71,11.72,9.0,33.2,0.368,7,19,True,False
2000-24_vehicle_noise_1_c112,C:\Users\tusha\Documents\hackathons\smu\HACKSMU_26\recordings\2000-24_vehicle_noise_1.wav,287.9692,295.6447835,car,4000,1145876,1188579,1151876,1182579,48000,14529710,1,13822521,14190949,11.71875,False,0.0,-1.25,1.35,2.61,11.7,0.789,15,19,True,False
2000-24_vehicle_noise_2_c113,C:\Users\tusha\Documents\hackathons\smu\HACKSMU_26\recordings\2000-24_vehicle_noise_2.wav,38.1506,43.15237481,car,4000,146602,178609,152602,172609,48000,2436298,1,1831228,2071313,19.53125,False,0.0,10.99,12.22,1.22,19.5,0.474,9,19,True,False
2000-27_airplane_01_c114,C:\Users\tusha\Documents\hackathons\smu\HACKSMU_26\recordings\2000-27_airplane_01.wav,133.3136,139.5924237,airplane,4000,527254,564369,533254,558369,48000,14791529,1,6399052,6700436,23.4375,False,0.0,9.6,13.72,4.12,23.4,0.368,7,19,True,False
2000-27_airplane_01_c115,C:\Users\tusha\Documents\hackathons\smu\HACKSMU_26\recordings\2000-27_airplane_01.wav,221.1145,228.4575311,airplane,4000,878458,919830,884458,913830,48000,14791529,1,10613496,10965961,21.484375,False,0.0,2.64,9.02,6.38,21.5,0.421,8,19,True,False
2000-3_airplane_02_c116,C:\Users\tusha\Documents\hackathons\smu\HACKSMU_26\recordings\2000-3_airplane_02.wav,43.912,48.11561926,airplane,4000,169648,198462,175648,192462,48000,3169335,1,2107776,2309549,17.578125,False,0.0,8.39,14.56,6.17,17.6,0.947,18,19,True,False
2000-3_airplane_02_c117,C:\Users\tusha\Documents\hackathons\smu\HACKSMU_26\recordings\2000-3_airplane_02.wav,55.6715,59.18338444,airplane,4000,216686,242733,222686,236733,48000,3169335,1,2672232,2840802,29.296875,True,17.578125,6.3,11.39,5.08,29.3,0.211,4,19,True,False
2000-3_airplane_03_c118,C:\Users\tusha\Documents\hackathons\smu\HACKSMU_26\recordings\2000-3_airplane_03.wav,71.0204,77.08638222,airplane,4000,278081,314345,284081,308345,48000,9457534,1,3408979,3700146,27.34375,True,15.625,5.84,8.96,3.12,27.3,0.211,4,19,True,False
2002-2_airplane_01_c119,C:\Users\tusha\Documents\hackathons\smu\HACKSMU_26\recordings\2002-2_airplane_01.wav,112.2981,116.1292467,airplane,4000,443192,470516,449192,464516,48000,9977198,1,5390308,5574203,21.484375,False,0.0,8.25,15.2,6.95,21.5,0.895,17,19,True,False
2002-2_airplane_01_c120,C:\Users\tusha\Documents\hackathons\smu\HACKSMU_26\recordings\2002-2_airplane_01.wav,119.0026,123.8979541,airplane,4000,470010,501591,476010,495591,48000,9977198,1,5712124,5947101,19.53125,False,0.0,3.13,5.19,2.06,19.5,0.632,12,19,True,False
2002-2_airplane_01_c121,C:\Users\tusha\Documents\hackathons\smu\HACKSMU_26\recordings\2002-2_airplane_01.wav,168.9963,173.5934616,airplane,4000,669985,700373,675985,694373,48000,9977198,1,8111822,8332486,19.53125,False,0.0,2.33,9.42,7.09,19.5,0.526,10,19,True,False
2002-2_airplane_01_c122,C:\Users\tusha\Documents\hackathons\smu\HACKSMU_26\recordings\2002-2_airplane_01.wav,199.028,202.6463052,airplane,4000,790112,816585,796112,810585,48000,9977198,1,9553344,9727022,27.34375,False,0.0,6.99,6.99,0.0,27.3,0.368,7,19,True,True
2003-7_airplane_01_c123,C:\Users\tusha\Documents\hackathons\smu\HACKSMU_26\recordings\2003-7_airplane_01.wav,28.4817,32.04679481,airplane,4000,107926,134187,113926,128187,48000,5251420,1,1367121,1538246,15.625,False,0.0,4.48,9.77,5.29,15.6,0.474,9,19,True,False
2003-7_airplane_01_c124,C:\Users\tusha\Documents\hackathons\smu\HACKSMU_26\recordings\2003-7_airplane_01.wav,31.5147,36.62289555,airplane,4000,120058,152491,126058,146491,48000,5251420,1,1512705,1757898,15.625,False,0.0,7.53,11.16,3.64,15.6,0.684,13,19,True,False
2003-7_airplane_01_c125,C:\Users\tusha\Documents\hackathons\smu\HACKSMU_26\recordings\2003-7_airplane_01.wav,40.9329,46.99888222,airplane,4000,157731,193995,163731,187995,48000,5251420,1,1964779,2255946,23.4375,False,0.0,7.99,17.73,9.73,23.4,0.368,7,19,True,False
2003-7_airplane_01_c126,C:\Users\tusha\Documents\hackathons\smu\HACKSMU_26\recordings\2003-7_airplane_01.wav,52.9584,60.30143111,airplane,4000,205833,247205,211833,241205,48000,5251420,1,2542003,2894468,23.4375,True,13.671875,10.91,10.91,0.0,23.4,0.684,13,19,True,True
2003-7_airplane_01_c127,C:\Users\tusha\Documents\hackathons\smu\HACKSMU_26\recordings\2003-7_airplane_01.wav,66.261,70.09214667,airplane,4000,259043,286368,265044,280368,48000,5251420,1,3180528,3364423,25.390625,True,13.671875,3.84,12.65,8.81,25.4,0.053,1,19,False,False
2003-7_airplane_01_c128,C:\Users\tusha\Documents\hackathons\smu\HACKSMU_26\recordings\2003-7_airplane_01.wav,76.3681,81.84876815,airplane,4000,299472,333395,305472,327395,48000,5251420,1,3665668,3928740,25.390625,True,13.671875,-1.07,16.2,17.28,25.4,0.053,1,19,False,False
99-22A_airplane_01_c129,C:\Users\tusha\Documents\hackathons\smu\HACKSMU_26\recordings\99-22A_airplane_01.wav,1.6605,4.853122222,airplane,4000,642,25412,6642,19412,48000,13839957,1,79704,232949,19.53125,False,0.0,10.5,10.5,0.0,19.5,0.158,3,19,False,True
99-22A_airplane_01_c130,C:\Users\tusha\Documents\hackathons\smu\HACKSMU_26\recordings\99-22A_airplane_01.wav,84.9082,87.35587704,airplane,4000,333632,355423,339632,349423,48000,13839957,1,4075593,4193082,31.25,True,15.625,15.58,15.73,0.15,31.2,0.211,4,19,True,False
99-22A_airplane_01_c131,C:\Users\tusha\Documents\hackathons\smu\HACKSMU_26\recordings\99-22A_airplane_01.wav,115.0893,116.3663489,airplane,4000,454357,471465,460357,465465,48000,13839957,1,5524286,5585584,29.296875,True,13.671875,-1.09,12.81,13.91,29.3,0.053,1,19,False,False
99-22A_airplane_01_c132,C:\Users\tusha\Documents\hackathons\smu\HACKSMU_26\recordings\99-22A_airplane_01.wav,116.6172,119.1712978,airplane,4000,460468,482685,466468,476685,48000,13839957,1,5597625,5720222,15.625,False,0.0,10.43,10.43,0.0,15.6,0.842,16,19,True,True
99-22A_airplane_01_c133,C:\Users\tusha\Documents\hackathons\smu\HACKSMU_26\recordings\99-22A_airplane_01.wav,123.8158,125.5185319,airplane,4000,489263,508074,495263,502074,48000,13839957,1,5943158,6024889,15.625,False,0.0,12.14,12.14,0.0,15.6,0.684,13,19,True,True
99-22A_airplane_01_c134,C:\Users\tusha\Documents\hackathons\smu\HACKSMU_26\recordings\99-22A_airplane_01.wav,142.2798,143.8761111,airplane,4000,563119,581504,569119,575504,48000,13839957,1,6829430,6906053,23.4375,True,13.671875,1.39,17.75,16.36,23.4,0.263,5,19,True,False
99-22A_airplane_01_c135,C:\Users\tusha\Documents\hackathons\smu\HACKSMU_26\recordings\99-22A_airplane_01.wav,144.1421,145.7916215,airplane,4000,570568,589166,576568,583166,48000,13839957,1,6918820,6997997,23.4375,True,13.671875,3.92,18.41,14.49,23.4,0.211,4,19,True,False
99-22A_airplane_01_c136,C:\Users\tusha\Documents\hackathons\smu\HACKSMU_26\recordings\99-22A_airplane_01.wav,150.1017,151.112697,airplane,4000,594406,610450,600406,604450,48000,13839957,1,7204881,7253409,13.671875,False,0.0,-3.32,6.97,10.29,13.7,0.632,12,19,True,False
99-22A_airplane_01_c137,C:\Users\tusha\Documents\hackathons\smu\HACKSMU_26\recordings\99-22A_airplane_01.wav,199.0569,201.8238393,airplane,4000,790227,813295,796227,807295,48000,13839957,1,9554731,9687544,29.296875,True,15.625,12.27,14.08,1.8,29.3,0.105,2,19,False,False
99-24_airplane_01_c138,C:\Users\tusha\Documents\hackathons\smu\HACKSMU_26\recordings\99-24_airplane_01.wav,16.5366,18.87785629,airplane,4000,60146,81511,66146,75511,48000,3311044,1,793756,906137,19.53125,False,0.0,-1.92,1.82,3.74,19.5,0.684,13,19,True,False
99-24_airplane_01_c139,C:\Users\tusha\Documents\hackathons\smu\HACKSMU_26\recordings\99-24_airplane_01.wav,22.3897,24.67774593,airplane,4000,83558,104710,89558,98710,48000,3311044,1,1074705,1184531,11.71875,False,0.0,6.47,6.47,0.0,11.7,0.789,15,19,True,True
99-24_airplane_01_c140,C:\Users\tusha\Documents\hackathons\smu\HACKSMU_26\recordings\99-24_airplane_01.wav,46.2882,49.95971556,airplane,4000,179152,205838,185152,199838,48000,3311044,1,2221833,2398066,33.203125,False,0.0,11.2,12.07,0.87,33.2,0.526,10,19,True,False
99-24_airplane_01_c141,C:\Users\tusha\Documents\hackathons\smu\HACKSMU_26\recordings\99-24_airplane_01.wav,52.301,54.16336296,airplane,4000,203204,222653,209204,216653,48000,3311044,1,2510448,2599841,23.4375,True,15.625,9.11,11.74,2.62,23.4,0.316,6,19,True,False
99-37_airplane_02_c142,C:\Users\tusha\Documents\hackathons\smu\HACKSMU_26\recordings\99-37_airplane_02.wav,2.1123,5.943446666,airplane,4000,2449,29773,8449,23773,48000,1974193,1,101390,285285,23.4375,False,0.0,2.54,11.55,9.0,23.4,0.316,6,19,True,False
99-37_airplane_02_c143,C:\Users\tusha\Documents\hackathons\smu\HACKSMU_26\recordings\99-37_airplane_02.wav,11.903,17.64972,airplane,4000,41612,76598,47612,70598,48000,1974193,1,571344,847186,31.25,False,0.0,10.36,16.02,5.66,31.2,0.421,8,19,True,False
99-37_airplane_and_vehicle_01_c144,C:\Users\tusha\Documents\hackathons\smu\HACKSMU_26\recordings\99-37_airplane_and_vehicle_01.wav,44.1088,47.35463259,airplane,4000,170435,195418,176435,189418,48000,11012824,1,2117222,2273022,21.484375,False,0.0,4.55,7.21,2.66,21.5,0.526,10,19,True,False
99-37_airplane_and_vehicle_01_c145,C:\Users\tusha\Documents\hackathons\smu\HACKSMU_26\recordings\99-37_airplane_and_vehicle_01.wav,71.0333,73.64060815,airplane,4000,278133,300562,284133,294562,48000,11012824,1,3409598,3534749,23.4375,False,0.0,10.66,19.02,8.36,23.4,0.526,10,19,True,False
99-37_airplane_and_vehicle_01_c146,C:\Users\tusha\Documents\hackathons\smu\HACKSMU_26\recordings\99-37_airplane_and_vehicle_01.wav,95.5281,99.09319481,airplane,4000,376112,402372,382112,396372,48000,11012824,1,4585348,4756473,25.390625,True,15.625,9.47,9.47,0.0,25.4,0.632,12,19,True,True
99-45_airplane_01_c147,C:\Users\tusha\Documents\hackathons\smu\HACKSMU_26\recordings\99-45_airplane_01.wav,51.3391,55.17024667,airplane,4000,199356,226680,205356,220680,48000,11491846,1,2464276,2648171,33.203125,False,0.0,1.87,6.7,4.83,33.2,0.421,8,19,True,False
99-45_airplane_01_c148,C:\Users\tusha\Documents\hackathons\smu\HACKSMU_26\recordings\99-45_airplane_01.wav,69.7746,72.22227704,airplane,4000,273098,294889,279098,288889,48000,11491846,1,3349180,3466669,13.671875,False,0.0,-3.85,1.81,5.66,13.7,0.947,18,19,True,False
99-45_airplane_01_c149,C:\Users\tusha\Documents\hackathons\smu\HACKSMU_26\recordings\99-45_airplane_01.wav,97.2073,105.0292244,airplane,4000,382829,426116,388829,420116,48000,11491846,1,4665950,5041402,33.203125,True,15.625,0.3,7.92,7.62,33.2,0.105,2,19,False,False
99-45_airplane_01_c150,C:\Users\tusha\Documents\hackathons\smu\HACKSMU_26\recordings\99-45_airplane_01.wav,105.4016,109.285957,airplane,4000,415606,443143,421606,437143,48000,11491846,1,5059276,5245725,33.203125,True,17.578125,1.89,5.28,3.39,33.2,0.105,2,19,False,False
99-45_airplane_01_c151,C:\Users\tusha\Documents\hackathons\smu\HACKSMU_26\recordings\99-45_airplane_01.wav,179.5454,184.866437,airplane,4000,712181,745465,718181,739465,48000,11491846,1,8618179,8873588,31.25,True,15.625,2.37,3.78,1.41,31.2,0.105,2,19,False,False
99-45_airplane_01_c152,C:\Users\tusha\Documents\hackathons\smu\HACKSMU_26\recordings\99-45_airplane_01.wav,199.3396,201.3615941,airplane,4000,791358,811446,797358,805446,48000,11491846,1,9568300,9665356,29.296875,True,13.671875,7.77,8.76,0.98,29.3,0.053,1,19,False,False
99-45_airplane_01_c153,C:\Users\tusha\Documents\hackathons\smu\HACKSMU_26\recordings\99-45_airplane_01.wav,215.6173,223.1423819,airplane,4000,856469,898569,862469,892569,48000,11491846,1,10349630,10710834,33.203125,True,15.625,1.93,4.8,2.87,33.2,0.0,0,19,False,False
99-45_airplane_03_c154,C:\Users\tusha\Documents\hackathons\smu\HACKSMU_26\recordings\99-45_airplane_03.wav,55.104,58.77551555,airplane,4000,214416,241102,220416,235102,48000,12579713,1,2644992,2821224,11.71875,False,0.0,13.04,13.04,0.0,11.7,1.0,19,19,True,True
99-45_airplane_03_c155,C:\Users\tusha\Documents\hackathons\smu\HACKSMU_26\recordings\99-45_airplane_03.wav,73.6744,76.06886667,airplane,4000,288697,310275,294697,304275,48000,12579713,1,3536371,3651305,29.296875,True,13.671875,13.06,13.06,0.0,29.3,0.526,10,19,True,True
99-45_airplane_03_c156,C:\Users\tusha\Documents\hackathons\smu\HACKSMU_26\recordings\99-45_airplane_03.wav,101.3027,108.8053622,airplane,4000,399210,441221,405210,435221,48000,12579713,1,4862529,5222657,33.203125,True,15.625,0.4,7.81,7.41,33.2,0.105,2,19,False,False
99-45_airplane_03_c157,C:\Users\tusha\Documents\hackathons\smu\HACKSMU_26\recordings\99-45_airplane_03.wav,108.965,113.0089881,airplane,4000,429860,458035,435860,452035,48000,12579713,1,5230320,5424431,17.578125,False,0.0,-4.48,-0.7,3.78,17.6,0.526,10,19,True,False
99-45_airplane_03_c158,C:\Users\tusha\Documents\hackathons\smu\HACKSMU_26\recordings\99-45_airplane_03.wav,183.703,188.3323022,airplane,4000,728812,759329,734812,753329,48000,12579713,1,8817744,9039950,31.25,True,15.625,2.26,13.26,11.0,31.2,0.105,2,19,False,False
99-45_airplane_03_c159,C:\Users\tusha\Documents\hackathons\smu\HACKSMU_26\recordings\99-45_airplane_03.wav,203.0716,205.2000148,airplane,4000,806286,826800,812286,820800,48000,12579713,1,9747436,9849600,29.296875,True,13.671875,7.52,10.09,2.57,29.3,0.053,1,19,False,False
99-45_airplane_03_c160,C:\Users\tusha\Documents\hackathons\smu\HACKSMU_26\recordings\99-45_airplane_03.wav,219.893,224.9975137,airplane,4000,873572,905990,879572,899990,48000,12579713,1,10554864,10799880,33.203125,True,15.625,2.32,7.34,5.02,33.2,0.0,0,19,False,False
99-45_vehicle_01_c161,C:\Users\tusha\Documents\hackathons\smu\HACKSMU_26\recordings\99-45_vehicle_01.wav,10.3543,13.49371185,car,4000,35417,59974,41417,53974,48000,18189287,1,497006,647698,11.71875,False,0.0,2.5,5.22,2.72,11.7,0.579,11,19,True,False
99-45_vehicle_01_c162,C:\Users\tusha\Documents\hackathons\smu\HACKSMU_26\recordings\99-45_vehicle_01.wav,106.0364,108.2712356,car,4000,418145,439084,424145,433084,48000,18189287,1,5089747,5197019,23.4375,False,0.0,4.46,10.69,6.23,23.4,0.579,11,19,True,False
99-45_vehicle_01_c163,C:\Users\tusha\Documents\hackathons\smu\HACKSMU_26\recordings\99-45_vehicle_01.wav,107.4731,109.8675667,car,4000,423892,445470,429892,439470,48000,18189287,1,5158708,5273643,23.4375,False,0.0,4.34,11.2,6.86,23.4,0.474,9,19,True,False
99-45_vehicle_01_c164,C:\Users\tusha\Documents\hackathons\smu\HACKSMU_26\recordings\99-45_vehicle_01.wav,132.5431,135.7889326,car,4000,524172,549155,530172,543155,48000,18189287,1,6362068,6517868,25.390625,False,0.0,5.6,17.21,11.62,25.4,0.474,9,19,True,False
99-45_vehicle_01_c165,C:\Users\tusha\Documents\hackathons\smu\HACKSMU_26\recordings\99-45_vehicle_01.wav,135.0972,136.7467215,car,4000,534388,552986,540388,546986,48000,18189287,1,6484665,6563842,25.390625,False,0.0,5.51,17.26,11.75,25.4,0.474,9,19,True,False
99-45_vehicle_01_c166,C:\Users\tusha\Documents\hackathons\smu\HACKSMU_26\recordings\99-45_vehicle_01.wav,173.4055,176.1724393,car,4000,687622,710689,693622,704689,48000,18189287,1,8323463,8456277,23.4375,True,31.25,2.1,6.21,4.12,23.4,0.263,5,19,True,False
99-45_vehicle_01_c167,C:\Users\tusha\Documents\hackathons\smu\HACKSMU_26\recordings\99-45_vehicle_01.wav,201.2785,205.2160674,car,4000,799114,826864,805114,820864,48000,18189287,1,9661368,9850371,29.296875,True,15.625,7.03,16.63,9.6,29.3,0.579,11,19,True,False
99-45_vehicle_01_c168,C:\Users\tusha\Documents\hackathons\smu\HACKSMU_26\recordings\99-45_vehicle_01.wav,213.304,215.4324148,car,4000,847216,867729,853216,861729,48000,18189287,1,10238592,10340755,31.25,False,0.0,2.14,6.19,4.05,31.2,0.158,3,19,False,False
99-45_vehicle_01_c169,C:\Users\tusha\Documents\hackathons\smu\HACKSMU_26\recordings\99-45_vehicle_01.wav,215.8581,218.5186185,car,4000,857432,880074,863432,874074,48000,18189287,1,10361188,10488893,19.53125,False,0.0,4.95,10.29,5.34,19.5,0.368,7,19,True,False
99-45_vehicle_01_c170,C:\Users\tusha\Documents\hackathons\smu\HACKSMU_26\recordings\99-45_vehicle_01.wav,219.2104,222.3498119,car,4000,870841,895399,876841,889399,48000,18189287,1,10522099,10672790,15.625,False,0.0,3.87,8.92,5.05,15.6,0.579,11,19,True,False
99-45_vehicle_01_c171,C:\Users\tusha\Documents\hackathons\smu\HACKSMU_26\recordings\99-45_vehicle_01.wav,227.3516,231.0231156,car,4000,903406,930092,909406,924092,48000,18189287,1,10912876,11089109,23.4375,False,0.0,3.76,10.02,6.26,23.4,0.526,10,19,True,False
99-45_vehicle_01_c172,C:\Users\tusha\Documents\hackathons\smu\HACKSMU_26\recordings\99-45_vehicle_01.wav,236.2377,238.5257459,car,4000,938950,960102,944950,954102,48000,18189287,1,11339409,11449235,31.25,True,13.671875,3.62,6.62,3.0,31.2,0.158,3,19,False,False
99-45_vehicle_01_c173,C:\Users\tusha\Documents\hackathons\smu\HACKSMU_26\recordings\99-45_vehicle_01.wav,239.0046,240.866963,car,4000,950018,969467,956018,963467,48000,18189287,1,11472220,11561614,25.390625,True,13.671875,2.25,6.42,4.17,25.4,0.421,8,19,True,False
99-45_vehicle_01_c174,C:\Users\tusha\Documents\hackathons\smu\HACKSMU_26\recordings\99-45_vehicle_01.wav,241.0798,243.2082148,car,4000,958319,978832,964319,972832,48000,18189287,1,11571830,11673994,23.4375,False,0.0,1.91,4.75,2.84,23.4,0.684,13,19,True,False
99-45_vehicle_01_c175,C:\Users\tusha\Documents\hackathons\smu\HACKSMU_26\recordings\99-45_vehicle_01.wav,243.2082,246.507243,car,4000,966832,992028,972832,986028,48000,18189287,1,11673993,11832347,11.71875,True,17.578125,1.34,7.67,6.33,11.7,0.421,8,19,True,False
99-45_vehicle_01_c176,C:\Users\tusha\Documents\hackathons\smu\HACKSMU_26\recordings\99-45_vehicle_01.wav,249.3806,250.2851763,car,4000,991522,1007140,997522,1001140,48000,18189287,1,11970268,12013688,21.484375,True,13.671875,0.95,6.51,5.57,21.5,0.474,9,19,True,False
99-45_vehicle_01_c177,C:\Users\tusha\Documents\hackathons\smu\HACKSMU_26\recordings\99-45_vehicle_01.wav,250.7641,254.3291948,car,4000,997056,1023316,1003056,1017316,48000,18189287,1,12036676,12207801,21.484375,False,0.0,2.48,11.0,8.52,21.5,0.684,13,19,True,False
99-45_vehicle_01_c178,C:\Users\tusha\Documents\hackathons\smu\HACKSMU_26\recordings\99-45_vehicle_01.wav,256.974,258.7831526,car,4000,1021896,1041132,1027896,1035132,48000,18189287,1,12334752,12421591,21.484375,True,29.296875,1.81,10.22,8.41,21.5,0.632,12,19,True,False
99-45_vehicle_01_c179,C:\Users\tusha\Documents\hackathons\smu\HACKSMU_26\recordings\99-45_vehicle_01.wav,258.7832,262.1354533,car,4000,1029132,1054541,1035132,1048541,48000,18189287,1,12421593,12582501,23.4375,False,0.0,3.79,9.97,6.18,23.4,0.789,15,19,True,False
99-45_vehicle_01_c180,C:\Users\tusha\Documents\hackathons\smu\HACKSMU_26\recordings\99-45_vehicle_01.wav,261.4437,264.1042185,car,4000,1039774,1062416,1045774,1056416,48000,18189287,1,12549297,12677002,29.296875,False,0.0,1.74,12.44,10.7,29.3,0.632,12,19,True,False
99-45_vehicle_01_c181,C:\Users\tusha\Documents\hackathons\smu\HACKSMU_26\recordings\99-45_vehicle_01.wav,264.7428,268.6803674,car,4000,1052971,1080721,1058971,1074721,48000,18189287,1,12707654,12896657,29.296875,True,13.671875,5.78,14.61,8.83,29.3,0.421,8,19,True,False
99-45_vehicle_01_c182,C:\Users\tusha\Documents\hackathons\smu\HACKSMU_26\recordings\99-45_vehicle_01.wav,270.623,273.070677,car,4000,1076492,1098282,1082492,1092282,48000,18189287,1,12989904,13107392,23.4375,True,29.296875,3.98,3.98,0.0,23.4,0.737,14,19,True,True
99-45_vehicle_01_c183,C:\Users\tusha\Documents\hackathons\smu\HACKSMU_26\recordings\99-45_vehicle_01.wav,273.6559,276.7421015,car,4000,1088623,1112968,1094623,1106968,48000,18189287,1,13135483,13283620,11.71875,True,27.34375,0.62,7.67,7.06,11.7,0.526,10,19,True,False
99-45_vehicle_01_c184,C:\Users\tusha\Documents\hackathons\smu\HACKSMU_26\recordings\99-45_vehicle_01.wav,278.232,281.4246222,car,4000,1106928,1131698,1112928,1125698,48000,18189287,1,13355136,13508381,31.25,True,13.671875,1.44,8.09,6.66,31.2,0.211,4,19,True,False
99-45_vehicle_01_c185,C:\Users\tusha\Documents\hackathons\smu\HACKSMU_26\recordings\99-45_vehicle_01.wav,280.7861,281.9567281,car,4000,1117144,1133826,1123144,1127826,48000,18189287,1,13477732,13533922,29.296875,True,17.578125,3.89,9.33,5.44,29.3,0.316,6,19,True,False
99-45_vehicle_01_c186,C:\Users\tusha\Documents\hackathons\smu\HACKSMU_26\recordings\99-45_vehicle_01.wav,316.511,320.0760948,car,4000,1260044,1286304,1266044,1280304,48000,18189287,1,15192528,15363652,21.484375,False,0.0,-2.85,13.66,16.51,21.5,0.474,9,19,True,False
99-45_vehicle_01_c187,C:\Users\tusha\Documents\hackathons\smu\HACKSMU_26\recordings\99-45_vehicle_01.wav,317.3623,321.3530778,car,4000,1263449,1291412,1269449,1285412,48000,18189287,1,15233390,15424947,21.484375,False,0.0,-2.46,-2.46,0.0,21.5,0.842,16,19,True,True
99-45_vehicle_01_c188,C:\Users\tusha\Documents\hackathons\smu\HACKSMU_26\recordings\99-45_vehicle_01.wav,329.6007,332.3144289,car,4000,1312402,1335257,1318402,1329257,48000,18189287,1,15820833,15951092,19.53125,False,0.0,9.11,9.26,0.15,19.5,0.737,14,19,True,False
99-45_vehicle_01_c189,C:\Users\tusha\Documents\hackathons\smu\HACKSMU_26\recordings\99-45_vehicle_01.wav,336.1456,339.4978533,car,4000,1338582,1363991,1344582,1357991,48000,18189287,1,16134988,16295896,27.34375,False,0.0,4.76,9.85,5.09,27.3,0.421,8,19,True,False
99-45_vehicle_01_c190,C:\Users\tusha\Documents\hackathons\smu\HACKSMU_26\recordings\99-45_vehicle_01.wav,350.9323,352.9542941,car,4000,1397729,1417817,1403729,1411817,48000,18189287,1,16844750,16941806,17.578125,False,0.0,8.85,9.44,0.58,17.6,0.842,16,19,True,False
99-45_vehicle_02_c191,C:\Users\tusha\Documents\hackathons\smu\HACKSMU_26\recordings\99-45_vehicle_02.wav,17.0062,20.03919111,car,4000,62024,86156,68024,80156,48000,7150207,1,816297,961881,17.578125,True,27.34375,2.02,4.11,2.09,17.6,0.526,10,19,True,False
99-45_vehicle_02_c192,C:\Users\tusha\Documents\hackathons\smu\HACKSMU_26\recordings\99-45_vehicle_02.wav,19.6667,23.60426741,car,4000,72666,100417,78666,94417,48000,7150207,1,944001,1133004,31.25,True,17.578125,1.72,8.92,7.2,31.2,0.263,5,19,True,False
99-45_vehicle_02_c193,C:\Users\tusha\Documents\hackathons\smu\HACKSMU_26\recordings\99-45_vehicle_02.wav,20.3584,23.12533926,car,4000,75433,98501,81433,92501,48000,7150207,1,977203,1110016,31.25,True,17.578125,1.48,5.54,4.05,31.2,0.211,4,19,True,False
99-45_vehicle_02_c194,C:\Users\tusha\Documents\hackathons\smu\HACKSMU_26\recordings\99-45_vehicle_02.wav,22.6997,26.21158444,car,4000,84798,110846,90798,104846,48000,7150207,1,1089585,1258156,25.390625,True,15.625,-0.2,4.97,5.18,25.4,0.368,7,19,True,False
99-45_vehicle_02_c195,C:\Users\tusha\Documents\hackathons\smu\HACKSMU_26\recordings\99-45_vehicle_02.wav,77.6022,79.51777333,car,4000,304408,324071,310408,318071,48000,7150207,1,3724905,3816853,23.4375,False,0.0,4.95,8.98,4.03,23.4,0.474,9,19,True,False
99-45_vehicle_02_c196,C:\Users\tusha\Documents\hackathons\smu\HACKSMU_26\recordings\99-45_vehicle_02.wav,78.8261,82.81687778,car,4000,309304,337267,315304,331267,48000,7150207,1,3783652,3975210,21.484375,False,0.0,1.65,1.7,0.05,21.5,0.316,6,19,True,False
99-45_vehicle_02_c197,C:\Users\tusha\Documents\hackathons\smu\HACKSMU_26\recordings\99-45_vehicle_02.wav,81.1141,84.62598444,car,4000,318456,344503,324456,338503,48000,7150207,1,3893476,4062047,23.4375,False,0.0,5.01,9.67,4.67,23.4,0.263,5,19,True,False
99-45_vehicle_02_c198,C:\Users\tusha\Documents\hackathons\smu\HACKSMU_26\recordings\99-45_vehicle_02.wav,96.0662,98.35424593,car,4000,378264,399416,384264,393416,48000,7150207,1,4611177,4721003,29.296875,False,0.0,1.32,3.95,2.63,29.3,0.474,9,19,True,False
99-45_vehicle_02_c199,C:\Users\tusha\Documents\hackathons\smu\HACKSMU_26\recordings\99-45_vehicle_02.wav,103.2496,104.7927007,car,4000,406998,425170,412998,419170,48000,7150207,1,4955980,5030049,29.296875,False,0.0,1.44,5.08,3.64,29.3,0.263,5,19,True,False
99-45_vehicle_02_c200,C:\Users\tusha\Documents\hackathons\smu\HACKSMU_26\recordings\99-45_vehicle_02.wav,106.868,110.0074118,car,4000,421472,446029,427472,440029,48000,7150207,1,5129664,5280355,19.53125,True,29.296875,2.24,5.64,3.4,19.5,0.158,3,19,False,False
99-45_vehicle_02_c201,C:\Users\tusha\Documents\hackathons\smu\HACKSMU_26\recordings\99-45_vehicle_02.wav,110.4863,113.6257119,car,4000,435945,460502,441945,454502,48000,7150207,1,5303342,5454034,31.25,False,0.0,2.61,7.67,5.06,31.2,0.368,7,19,True,False
99-45_vehicle_02_c202,C:\Users\tusha\Documents\hackathons\smu\HACKSMU_26\recordings\99-45_vehicle_02.wav,113.5192,115.5411941,car,4000,448076,468164,454076,462164,48000,7150207,1,5448921,5545977,21.484375,True,31.25,4.61,8.64,4.02,21.5,0.316,6,19,True,False
99-45_vehicle_02_c203,C:\Users\tusha\Documents\hackathons\smu\HACKSMU_26\recordings\99-45_vehicle_02.wav,114.7963,116.3394007,car,4000,453185,471357,459185,465357,48000,7150207,1,5510222,5584291,33.203125,False,0.0,0.92,7.03,6.11,33.2,0.368,7,19,True,False
99-45_vehicle_02_c204,C:\Users\tusha\Documents\hackathons\smu\HACKSMU_26\recordings\99-45_vehicle_02.wav,116.233,119.7059757,car,4000,458932,484823,464932,478823,48000,7150207,1,5579184,5745886,21.484375,False,0.0,3.76,7.26,3.5,21.5,0.421,8,19,True,False
99-45_vehicle_02_c205,C:\Users\tusha\Documents\hackathons\smu\HACKSMU_26\recordings\99-45_vehicle_02.wav,119.4399,122.7921533,car,4000,471759,497168,477759,491168,48000,7150207,1,5733115,5894023,17.578125,True,29.296875,7.36,7.36,0.0,17.6,0.947,18,19,True,True
99-45_vehicle_02_c206,C:\Users\tusha\Documents\hackathons\smu\HACKSMU_26\recordings\99-45_vehicle_02.wav,119.9331,121.2101489,car,4000,473732,490840,479732,484840,48000,7150207,1,5756788,5818087,17.578125,False,0.0,8.84,13.02,4.18,17.6,0.684,13,19,True,False
99-45_vehicle_02_c207,C:\Users\tusha\Documents\hackathons\smu\HACKSMU_26\recordings\99-45_vehicle_02.wav,123.8707,125.8394837,car,4000,489482,509357,495482,503357,48000,7150207,1,5945793,6040295,29.296875,True,15.625,5.1,16.51,11.41,29.3,0.053,1,19,False,False
99-45_vehicle_02_c208,C:\Users\tusha\Documents\hackathons\smu\HACKSMU_26\recordings\99-45_vehicle_02.wav,125.9459,127.4357904,car,4000,497783,515743,503783,509743,48000,7150207,1,6045403,6116917,33.203125,True,15.625,3.92,3.92,0.0,33.2,0.158,3,19,False,True
99-45_vehicle_02_c209,C:\Users\tusha\Documents\hackathons\smu\HACKSMU_26\recordings\99-45_vehicle_02.wav,127.8614,131.4264948,car,4000,505445,531705,511445,525705,48000,7150207,1,6137347,6308471,33.203125,True,15.625,4.28,10.94,6.66,33.2,0.053,1,19,False,False
99-45_vehicle_02_c210,C:\Users\tusha\Documents\hackathons\smu\HACKSMU_26\recordings\99-45_vehicle_02.wav,139.887,145.3144578,car,4000,553548,587257,559548,581257,48000,7150207,1,6714576,6975093,21.484375,False,0.0,-0.19,8.03,8.22,21.5,0.316,6,19,True,False
J86-1_airplane_01_c211,C:\Users\tusha\Documents\hackathons\smu\HACKSMU_26\recordings\J86-1_airplane_01.wav,192.4952,198.9336548,airplane,4000,763980,801734,769980,795734,48000,10341702,1,9239769,9548815,17.578125,True,31.25,4.14,5.88,1.74,17.6,0.368,7,19,True,False
