source,target,weight
04-040920-02_vehicle_1_c000,04-040920-03_vehicle_noise_1_c006,0.825
04-040920-02_vehicle_1_c000,1989-08_airplane_03_c042,0.801
04-040920-02_vehicle_1_c000,2000-24_generator_noise_2_c081,0.867
04-040920-02_vehicle_1_c000,2000-24_vehicle_noise_1_c105,0.941
04-040920-02_vehicle_1_c000,99-24_airplane_01_c138,0.862
04-040920-02_vehicle_1_c000,99-37_airplane_and_vehicle_01_c144,0.881
04-040920-02_vehicle_1_c000,99-45_airplane_03_c157,0.808
04-040920-02_vehicle_1_c000,99-45_vehicle_01_c174,0.836
04-040920-02_vehicle_1_c000,99-45_vehicle_01_c187,0.838
04-040920-02_vehicle_1_c001,1989-08_airplane_03_c039,0.813
04-040920-02_vehicle_1_c001,2000-24_generator_noise_4_c088,0.891
04-040920-02_vehicle_1_c001,2000-24_vehicle_noise_1_c101,0.904
04-040920-02_vehicle_1_c001,99-37_airplane_02_c142,0.833
04-040920-02_vehicle_1_c001,99-45_vehicle_01_c189,0.804
04-040920-02_vehicle_1_c001,99-45_vehicle_02_c197,0.916
04-040920-02_vehicle_1_c002,1989-06_airplane_01_c018,0.802
04-040920-02_vehicle_1_c002,2000-24_generator_noise_4_c089,0.854
04-040920-02_vehicle_1_c002,2000-24_vehicle_noise_1_c099,0.844
04-040920-02_vehicle_1_c002,2000-24_vehicle_noise_1_c112,0.838
04-040920-02_vehicle_2_c003,1989-08_airplane_03_c048,0.893
04-040920-02_vehicle_2_c003,2000-23_background_noise_1_c066,0.891
04-040920-02_vehicle_2_c003,2000-23_background_vehicle_noise_c068,0.878
04-040920-02_vehicle_2_c003,2000-23_vehicle_noise_1_c071,0.948
04-040920-02_vehicle_2_c003,2000-23_vehicle_noise_4_c078,0.854
04-040920-02_vehicle_2_c003,2000-24_generator_noise_2_c082,0.889
04-040920-02_vehicle_2_c003,2000-24_generator_noise_3_c086,0.852
04-040920-02_vehicle_2_c003,2000-3_airplane_02_c117,0.928
04-040920-02_vehicle_2_c003,2000-3_airplane_03_c118,0.912
04-040920-02_vehicle_2_c003,99-45_vehicle_01_c184,0.926
04-040920-02_vehicle_2_c003,99-45_vehicle_02_c192,0.957
04-040920-02_vehicle_2_c003,99-45_vehicle_02_c193,0.924
04-040920-02_vehicle_2_c003,99-45_vehicle_02_c194,0.864
04-040920-03_vehicle_noise_1_c004,2000-24_vehicle_noise_1_c100,0.919
04-040920-03_vehicle_noise_1_c005,1989-06_airplane_01_c020,0.818
04-040920-03_vehicle_noise_1_c005,1989-08_airplane_01_c022,0.805
04-040920-03_vehicle_noise_1_c005,99-45_vehicle_01_c174,0.809
04-040920-03_vehicle_noise_1_c005,99-45_vehicle_01_c179,0.83
04-040920-03_vehicle_noise_1_c005,99-45_vehicle_01_c190,0.801
04-040920-03_vehicle_noise_1_c006,090224-09_generator_01_c013,0.93
04-040920-03_vehicle_noise_1_c006,1989-08_airplane_01_c022,0.842
04-040920-03_vehicle_noise_1_c006,1989-08_airplane_01_c031,0.821
04-040920-03_vehicle_noise_1_c006,2000-23_background_and_vehicle_noise_2_c058,0.832
04-040920-03_vehicle_noise_1_c006,2000-24_generator_noise_2_c081,0.844
04-040920-03_vehicle_noise_1_c006,2000-24_generator_noise_4_c091,0.924
04-040920-03_vehicle_noise_1_c006,2000-24_vehicle_noise_1_c105,0.814
04-040920-03_vehicle_noise_1_c006,99-22A_airplane_01_c132,0.823
04-040920-03_vehicle_noise_1_c006,99-24_airplane_01_c138,0.916
04-040920-03_vehicle_noise_1_c006,99-24_airplane_01_c139,0.891
04-040920-03_vehicle_noise_1_c006,99-45_airplane_01_c148,0.89
04-040920-03_vehicle_noise_1_c006,99-45_vehicle_01_c174,0.941
04-040920-03_vehicle_noise_1_c006,99-45_vehicle_01_c187,0.88
04-040920-03_vehicle_noise_1_c006,99-45_vehicle_01_c188,0.883
04-040920-03_vehicle_noise_1_c006,99-45_vehicle_01_c190,0.882
04-040920-03_vehicle_noise_1_c007,090224-09_generator_01_c013,0.845
04-040920-03_vehicle_noise_1_c007,090224-09_generator_01_c015,0.834
04-040920-03_vehicle_noise_1_c007,1989-08_airplane_03_c056,0.839
04-040920-03_vehicle_noise_1_c007,2000-23_background_and_vehicle_noise_2_c058,0.873
04-040920-03_vehicle_noise_1_c007,2000-23_vehicle_noise_1_c069,0.853
04-040920-03_vehicle_noise_1_c007,2000-24_generator_noise_4_c091,0.807
04-040920-03_vehicle_noise_1_c007,2000-24_generator_noise_4_c096,0.905
04-040920-03_vehicle_noise_1_c007,2000-24_vehicle_noise_1_c106,0.88
04-040920-03_vehicle_noise_1_c007,2002-2_airplane_01_c120,0.825
04-040920-03_vehicle_noise_1_c007,99-45_vehicle_01_c187,0.872
04-040920-03_vehicle_noise_1_c008,1989-08_airplane_01_c030,0.848
04-040920-03_vehicle_noise_1_c008,2000-23_vehicle_noise_4_c075,0.986
04-040920-03_vehicle_noise_1_c008,2000-24_generator_noise_4_c092,0.914
04-040920-03_vehicle_noise_1_c008,2000-24_vehicle_and_generator_noise_1_c098,0.896
04-061218-25_vehicle_noise_1_c009,1989-08_airplane_03_c039,0.929
04-061218-25_vehicle_noise_1_c009,1989-08_airplane_03_c057,0.851
04-061218-25_vehicle_noise_1_c009,2000-24_vehicle_noise_1_c109,0.949
04-061218-25_vehicle_noise_1_c009,2000-24_vehicle_noise_1_c110,0.896
04-061218-25_vehicle_noise_1_c009,99-45_vehicle_01_c189,0.875
04-061218-25_vehicle_noise_1_c009,99-45_vehicle_02_c201,0.831
04-061218-25_vehicle_noise_1_c009,99-45_vehicle_02_c203,0.887
04-061218-25_vehicle_noise_1_c010,99-45_vehicle_01_c180,0.85
04-061218-25_vehicle_noise_1_c011,2003-7_airplane_01_c123,0.885
04-061218-25_vehicle_noise_1_c011,99-45_vehicle_01_c161,0.919
04-061218-25_vehicle_noise_1_c011,99-45_vehicle_01_c170,0.926
061220-24_airplane_01_c012,1989-08_airplane_03_c048,0.927
061220-24_airplane_01_c012,1989-08_airplane_03_c051,0.834
061220-24_airplane_01_c012,2000-23_background_vehicle_noise_c068,0.889
061220-24_airplane_01_c012,2000-24_generator_noise_2_c082,0.811
061220-24_airplane_01_c012,2000-3_airplane_02_c117,0.833
061220-24_airplane_01_c012,99-22A_airplane_01_c130,0.989
061220-24_airplane_01_c012,99-24_airplane_01_c141,0.874
061220-24_airplane_01_c012,99-45_airplane_03_c155,0.804
090224-09_generator_01_c013,090224-09_generator_01_c015,0.929
090224-09_generator_01_c013,1989-08_airplane_01_c022,0.85
090224-09_generator_01_c013,1989-08_airplane_01_c031,0.924
090224-09_generator_01_c013,2000-23_background_and_vehicle_noise_2_c058,0.968
090224-09_generator_01_c013,2000-23_vehicle_noise_1_c069,0.901
090224-09_generator_01_c013,2000-24_generator_noise_4_c091,0.993
090224-09_generator_01_c013,2000-24_vehicle_noise_1_c103,0.89
090224-09_generator_01_c013,2000-24_vehicle_noise_1_c106,0.872
090224-09_generator_01_c013,99-22A_airplane_01_c132,0.939
090224-09_generator_01_c013,99-24_airplane_01_c139,0.931
090224-09_generator_01_c013,99-45_airplane_01_c148,0.899
090224-09_generator_01_c013,99-45_airplane_03_c154,0.887
090224-09_generator_01_c013,99-45_vehicle_01_c187,0.805
090224-09_generator_01_c013,99-45_vehicle_01_c188,0.931
090224-09_generator_01_c013,99-45_vehicle_01_c190,0.947
090224-09_generator_01_c015,1989-08_airplane_01_c031,0.87
090224-09_generator_01_c015,1989-08_airplane_03_c042,0.802
090224-09_generator_01_c015,1989-08_airplane_03_c050,0.805
090224-09_generator_01_c015,1989-08_airplane_03_c056,0.938
090224-09_generator_01_c015,2000-23_background_and_vehicle_noise_2_c058,0.987
090224-09_generator_01_c015,2000-23_vehicle_noise_1_c069,0.99
090224-09_generator_01_c015,2000-24_generator_noise_4_c091,0.929
090224-09_generator_01_c015,2000-24_generator_noise_4_c096,0.858
090224-09_generator_01_c015,2000-24_vehicle_noise_1_c103,0.922
090224-09_generator_01_c015,2000-24_vehicle_noise_1_c106,0.929
090224-09_generator_01_c015,2000-24_vehicle_noise_1_c112,0.806
090224-09_generator_01_c015,2003-7_airplane_01_c124,0.864
090224-09_generator_01_c015,99-22A_airplane_01_c132,0.883
090224-09_generator_01_c015,99-24_airplane_01_c139,0.86
090224-09_generator_01_c015,99-45_airplane_01_c148,0.804
090224-09_generator_01_c015,99-45_airplane_03_c154,0.926
090224-09_generator_01_c015,99-45_vehicle_01_c188,0.831
090224-09_generator_01_c015,99-45_vehicle_01_c190,0.831
090224-09_generator_01_c016,99-45_vehicle_01_c182,0.835
090224-09_generator_01_c016,99-45_vehicle_02_c205,0.806
1989-06_airplane_01_c018,1989-08_airplane_03_c056,0.832
1989-06_airplane_01_c018,2000-23_vehicle_noise_4_c079,0.807
1989-06_airplane_01_c018,2000-24_generator_noise_4_c096,0.881
1989-06_airplane_01_c018,2000-24_vehicle_noise_1_c099,0.886
1989-06_airplane_01_c018,2000-24_vehicle_noise_1_c112,0.939
1989-06_airplane_01_c018,2002-2_airplane_01_c120,0.917
1989-06_airplane_01_c020,2000-3_airplane_02_c116,0.84
1989-06_airplane_01_c020,2002-2_airplane_01_c119,0.908
1989-06_airplane_01_c020,99-45_vehicle_01_c177,0.81
1989-06_airplane_01_c020,99-45_vehicle_01_c179,0.867
1989-06_airplane_01_c020,99-45_vehicle_02_c206,0.808
1989-08_airplane_01_c021,1989-08_airplane_01_c027,0.871
1989-08_airplane_01_c021,1989-08_airplane_03_c048,0.849
1989-08_airplane_01_c021,1989-08_airplane_03_c051,0.907
1989-08_airplane_01_c021,2000-23_background_vehicle_noise_c068,0.868
1989-08_airplane_01_c021,2000-3_airplane_02_c117,0.892
1989-08_airplane_01_c021,99-22A_airplane_01_c134,0.845
1989-08_airplane_01_c021,99-22A_airplane_01_c135,0.859
1989-08_airplane_01_c021,99-45_vehicle_01_c181,0.92
1989-08_airplane_01_c021,99-45_vehicle_01_c184,0.893
1989-08_airplane_01_c021,99-45_vehicle_01_c185,0.897
1989-08_airplane_01_c021,99-45_vehicle_02_c192,0.906
1989-08_airplane_01_c022,1989-08_airplane_01_c031,0.825
1989-08_airplane_01_c022,2000-24_generator_noise_4_c091,0.809
1989-08_airplane_01_c022,2000-24_vehicle_and_generator_noise_1_c098,0.868
1989-08_airplane_01_c022,99-22A_airplane_01_c132,0.919
1989-08_airplane_01_c022,99-22A_airplane_01_c133,0.895
1989-08_airplane_01_c022,99-24_airplane_01_c139,0.839
1989-08_airplane_01_c022,99-45_vehicle_01_c188,0.979
1989-08_airplane_01_c022,99-45_vehicle_01_c190,0.944
1989-08_airplane_01_c023,1989-08_airplane_03_c040,0.947
1989-08_airplane_01_c023,2000-24_generator_noise_2_c085,0.864
1989-08_airplane_01_c023,2000-24_vehicle_noise_1_c104,0.917
1989-08_airplane_01_c023,99-45_vehicle_01_c170,0.804
1989-08_airplane_01_c024,1989-08_airplane_02_c036,0.999
1989-08_airplane_01_c024,1989-08_airplane_03_c041,0.989
1989-08_airplane_01_c024,99-22A_airplane_01_c136,0.924
1989-08_airplane_01_c024,99-45_vehicle_01_c162,0.919
1989-08_airplane_01_c024,99-45_vehicle_02_c206,0.852
1989-08_airplane_01_c025,1989-08_airplane_02_c037,0.922
1989-08_airplane_01_c026,1989-08_airplane_03_c038,0.846
1989-08_airplane_01_c026,1989-08_airplane_03_c047,0.905
1989-08_airplane_01_c026,1989-08_airplane_03_c052,0.973
1989-08_airplane_01_c026,2000-24_generator_noise_3_c087,0.872
1989-08_airplane_01_c026,2000-24_generator_noise_4_c090,0.827
1989-08_airplane_01_c026,99-37_airplane_and_vehicle_01_c146,0.961
1989-08_airplane_01_c026,99-45_airplane_03_c155,0.867
1989-08_airplane_01_c027,1989-08_airplane_03_c051,0.972
1989-08_airplane_01_c027,2000-23_background_vehicle_noise_c068,0.809
1989-08_airplane_01_c027,99-22A_airplane_01_c134,0.928
1989-08_airplane_01_c027,99-22A_airplane_01_c135,0.95
1989-08_airplane_01_c027,99-45_vehicle_01_c167,0.811
1989-08_airplane_01_c027,99-45_vehicle_01_c181,0.918
1989-08_airplane_01_c028,1989-08_airplane_03_c044,0.805
1989-08_airplane_01_c028,1989-08_airplane_03_c049,0.918
1989-08_airplane_01_c028,1989-08_airplane_03_c055,0.848
1989-08_airplane_01_c028,2000-23_background_vehicle_noise_c067,0.932
1989-08_airplane_01_c028,2000-24_generator_noise_1_c080,0.813
1989-08_airplane_01_c028,99-24_airplane_01_c140,0.903
1989-08_airplane_01_c029,99-45_vehicle_02_c195,0.924
1989-08_airplane_01_c029,99-45_vehicle_02_c198,0.846
1989-08_airplane_01_c029,99-45_vehicle_02_c199,0.822
1989-08_airplane_01_c030,1989-08_airplane_03_c044,0.91
1989-08_airplane_01_c030,2000-23_background_and_vehicle_noise_2_c063,0.807
1989-08_airplane_01_c030,2000-23_vehicle_noise_4_c075,0.873
1989-08_airplane_01_c030,2000-24_generator_noise_2_c084,0.854
1989-08_airplane_01_c030,2000-24_vehicle_noise_1_c108,0.824
1989-08_airplane_01_c031,1989-08_airplane_02_c035,0.827
1989-08_airplane_01_c031,1989-08_airplane_03_c040,0.846
1989-08_airplane_01_c031,2000-23_background_and_vehicle_noise_2_c058,0.883
1989-08_airplane_01_c031,2000-23_vehicle_noise_1_c069,0.82
1989-08_airplane_01_c031,2000-24_generator_noise_4_c091,0.933
1989-08_airplane_01_c031,2000-24_vehicle_noise_1_c103,0.901
1989-08_airplane_01_c031,2000-3_airplane_02_c116,0.816
1989-08_airplane_01_c031,99-22A_airplane_01_c132,0.952
1989-08_airplane_01_c031,99-22A_airplane_01_c133,0.84
1989-08_airplane_01_c031,99-24_airplane_01_c139,0.927
1989-08_airplane_01_c031,99-45_airplane_01_c148,0.879
1989-08_airplane_01_c031,99-45_airplane_03_c154,0.919
1989-08_airplane_01_c031,99-45_vehicle_01_c188,0.895
1989-08_airplane_01_c031,99-45_vehicle_01_c190,0.947
1989-08_airplane_01_c031,99-45_vehicle_02_c206,0.824
1989-08_airplane_02_c034,2000-24_vehicle_noise_1_c110,0.963
1989-08_airplane_02_c034,99-37_airplane_and_vehicle_01_c145,0.831
1989-08_airplane_02_c034,99-45_vehicle_01_c164,0.953
1989-08_airplane_02_c034,99-45_vehicle_01_c165,0.923
1989-08_airplane_02_c034,99-45_vehicle_01_c180,0.867
1989-08_airplane_02_c034,99-45_vehicle_01_c186,0.812
1989-08_airplane_02_c035,1989-08_airplane_03_c040,0.882
1989-08_airplane_02_c035,2003-7_airplane_01_c123,0.809
1989-08_airplane_02_c035,99-22A_airplane_01_c133,0.828
1989-08_airplane_02_c035,99-24_airplane_01_c139,0.83
1989-08_airplane_02_c035,99-45_vehicle_01_c161,0.849
1989-08_airplane_02_c035,99-45_vehicle_01_c170,0.936
1989-08_airplane_02_c036,1989-08_airplane_03_c041,0.993
1989-08_airplane_02_c036,99-22A_airplane_01_c136,0.929
1989-08_airplane_02_c036,99-45_vehicle_01_c162,0.918
1989-08_airplane_02_c036,99-45_vehicle_02_c206,0.842
1989-08_airplane_02_c037,1989-08_airplane_03_c042,0.893
1989-08_airplane_02_c037,1989-08_airplane_03_c050,0.818
1989-08_airplane_02_c037,2002-2_airplane_01_c120,0.863
1989-08_airplane_02_c037,99-37_airplane_and_vehicle_01_c144,0.804
1989-08_airplane_03_c038,99-37_airplane_and_vehicle_01_c146,0.806
1989-08_airplane_03_c038,99-45_airplane_03_c155,0.945
1989-08_airplane_03_c039,1989-08_airplane_03_c054,0.824
1989-08_airplane_03_c039,1989-08_airplane_03_c057,0.887
1989-08_airplane_03_c039,2000-24_generator_noise_4_c088,0.841
1989-08_airplane_03_c039,2000-24_vehicle_noise_1_c109,0.977
1989-08_airplane_03_c039,2000-24_vehicle_noise_1_c110,0.843
1989-08_airplane_03_c039,99-37_airplane_02_c142,0.808
1989-08_airplane_03_c039,99-45_vehicle_01_c189,0.905
1989-08_airplane_03_c039,99-45_vehicle_02_c201,0.856
1989-08_airplane_03_c039,99-45_vehicle_02_c203,0.812
1989-08_airplane_03_c040,2000-24_generator_noise_2_c085,0.919
1989-08_airplane_03_c040,2003-7_airplane_01_c124,0.8
1989-08_airplane_03_c040,99-45_vehicle_01_c170,0.86
1989-08_airplane_03_c040,99-45_vehicle_02_c206,0.849
1989-08_airplane_03_c041,99-22A_airplane_01_c136,0.937
1989-08_airplane_03_c041,99-45_vehicle_01_c162,0.895
1989-08_airplane_03_c041,99-45_vehicle_02_c206,0.818
1989-08_airplane_03_c042,1989-08_airplane_03_c050,0.801
1989-08_airplane_03_c042,1989-08_airplane_03_c056,0.852
1989-08_airplane_03_c042,2000-24_generator_noise_2_c081,0.881
1989-08_airplane_03_c042,2000-24_generator_noise_2_c083,0.845
1989-08_airplane_03_c042,2000-24_generator_noise_4_c096,0.881
1989-08_airplane_03_c042,2000-24_vehicle_noise_1_c105,0.822
1989-08_airplane_03_c042,2000-24_vehicle_noise_1_c106,0.956
1989-08_airplane_03_c042,2000-24_vehicle_noise_1_c112,0.804
1989-08_airplane_03_c042,2002-2_airplane_01_c120,0.953
1989-08_airplane_03_c042,99-45_vehicle_01_c187,0.844
1989-08_airplane_03_c044,2000-23_background_and_vehicle_noise_2_c063,0.928
1989-08_airplane_03_c044,2000-23_background_vehicle_noise_c067,0.918
1989-08_airplane_03_c044,2000-23_vehicle_noise_4_c075,0.842
1989-08_airplane_03_c044,2000-23_vehicle_noise_4_c076,0.888
1989-08_airplane_03_c044,99-24_airplane_01_c140,0.895
1989-08_airplane_03_c045,2000-24_generator_noise_4_c089,0.918
1989-08_airplane_03_c045,2000-27_airplane_01_c115,0.815
1989-08_airplane_03_c045,2002-2_airplane_01_c121,0.807
1989-08_airplane_03_c045,99-45_vehicle_02_c210,0.822
1989-08_airplane_03_c046,2000-23_background_noise_1_c065,0.906
1989-08_airplane_03_c046,2000-24_vehicle_noise_1_c111,0.871
1989-08_airplane_03_c046,99-37_airplane_02_c143,0.844
1989-08_airplane_03_c047,1989-08_airplane_03_c052,0.86
1989-08_airplane_03_c047,2000-24_generator_noise_2_c082,0.865
1989-08_airplane_03_c047,99-37_airplane_and_vehicle_01_c146,0.9
1989-08_airplane_03_c047,99-45_airplane_03_c155,0.912
1989-08_airplane_03_c048,1989-08_airplane_03_c051,0.817
1989-08_airplane_03_c048,2000-23_background_noise_1_c066,0.819
1989-08_airplane_03_c048,2000-23_background_vehicle_noise_c068,0.966
1989-08_airplane_03_c048,2000-23_vehicle_noise_1_c071,0.896
1989-08_airplane_03_c048,2000-24_generator_noise_2_c082,0.887
1989-08_airplane_03_c048,2000-24_generator_noise_3_c086,0.858
1989-08_airplane_03_c048,2000-3_airplane_02_c117,0.958
1989-08_airplane_03_c048,99-22A_airplane_01_c130,0.962
1989-08_airplane_03_c048,99-24_airplane_01_c141,0.834
1989-08_airplane_03_c048,99-45_vehicle_01_c184,0.895
1989-08_airplane_03_c048,99-45_vehicle_01_c185,0.85
1989-08_airplane_03_c048,99-45_vehicle_02_c192,0.882
1989-08_airplane_03_c048,99-45_vehicle_02_c193,0.867
1989-08_airplane_03_c049,1989-08_airplane_03_c055,0.955
1989-08_airplane_03_c049,2000-23_background_vehicle_noise_c067,0.904
1989-08_airplane_03_c049,99-24_airplane_01_c140,0.926
1989-08_airplane_03_c050,1989-08_airplane_03_c056,0.884
1989-08_airplane_03_c050,2000-24_vehicle_noise_1_c106,0.829
1989-08_airplane_03_c050,2000-24_vehicle_noise_1_c112,0.895
1989-08_airplane_03_c050,2002-2_airplane_01_c120,0.836
1989-08_airplane_03_c050,2003-7_airplane_01_c124,0.878
1989-08_airplane_03_c051,2000-23_background_vehicle_noise_c068,0.875
1989-08_airplane_03_c051,2000-3_airplane_02_c117,0.819
1989-08_airplane_03_c051,99-22A_airplane_01_c130,0.806
1989-08_airplane_03_c051,99-22A_airplane_01_c134,0.873
1989-08_airplane_03_c051,99-22A_airplane_01_c135,0.912
1989-08_airplane_03_c051,99-45_vehicle_01_c181,0.902
1989-08_airplane_03_c052,2000-23_vehicle_noise_1_c070,0.841
1989-08_airplane_03_c052,2000-24_generator_noise_3_c087,0.919
1989-08_airplane_03_c052,2000-24_generator_noise_4_c090,0.927
1989-08_airplane_03_c052,2003-7_airplane_01_c126,0.804
1989-08_airplane_03_c052,99-37_airplane_and_vehicle_01_c146,0.964
1989-08_airplane_03_c052,99-45_vehicle_01_c182,0.805
1989-08_airplane_03_c053,2000-23_vehicle_noise_3_c074,0.854
1989-08_airplane_03_c053,2000-23_vehicle_noise_4_c076,0.866
1989-08_airplane_03_c053,2000-24_generator_noise_2_c084,0.844
1989-08_airplane_03_c053,2000-24_generator_noise_4_c094,0.841
1989-08_airplane_03_c053,2000-24_generator_noise_4_c095,0.891
1989-08_airplane_03_c054,1989-08_airplane_03_c057,0.971
1989-08_airplane_03_c054,2000-23_vehicle_noise_4_c077,0.865
1989-08_airplane_03_c054,2000-24_vehicle_noise_1_c109,0.881
1989-08_airplane_03_c054,2000-24_vehicle_noise_1_c110,0.803
1989-08_airplane_03_c054,99-37_airplane_02_c142,0.918
1989-08_airplane_03_c054,99-45_vehicle_01_c163,0.849
1989-08_airplane_03_c054,99-45_vehicle_01_c164,0.815
1989-08_airplane_03_c054,99-45_vehicle_01_c165,0.845
1989-08_airplane_03_c055,2000-23_background_vehicle_noise_c067,0.918
1989-08_airplane_03_c055,2002-2_airplane_01_c122,0.815
1989-08_airplane_03_c055,99-24_airplane_01_c140,0.853
1989-08_airplane_03_c055,99-45_vehicle_02_c198,0.812
1989-08_airplane_03_c056,2000-23_background_and_vehicle_noise_2_c058,0.914
1989-08_airplane_03_c056,2000-23_vehicle_noise_1_c069,0.951
1989-08_airplane_03_c056,2000-24_generator_noise_4_c091,0.803
1989-08_airplane_03_c056,2000-24_generator_noise_4_c096,0.961
1989-08_airplane_03_c056,2000-24_vehicle_noise_1_c103,0.845
1989-08_airplane_03_c056,2000-24_vehicle_noise_1_c106,0.927
1989-08_airplane_03_c056,2000-24_vehicle_noise_1_c112,0.943
1989-08_airplane_03_c056,2002-2_airplane_01_c120,0.896
1989-08_airplane_03_c056,2003-7_airplane_01_c124,0.817
1989-08_airplane_03_c057,2000-24_vehicle_noise_1_c109,0.937
1989-08_airplane_03_c057,99-37_airplane_02_c142,0.88
1989-08_airplane_03_c057,99-45_vehicle_01_c163,0.869
1989-08_airplane_03_c057,99-45_vehicle_01_c169,0.809
2000-23_background_and_vehicle_noise_2_c058,2000-23_vehicle_noise_1_c069,0.979
2000-23_background_and_vehicle_noise_2_c058,2000-24_generator_noise_4_c091,0.964
2000-23_background_and_vehicle_noise_2_c058,2000-24_generator_noise_4_c096,0.863
2000-23_background_and_vehicle_noise_2_c058,2000-24_vehicle_noise_1_c103,0.93
2000-23_background_and_vehicle_noise_2_c058,2000-24_vehicle_noise_1_c106,0.917
2000-23_background_and_vehicle_noise_2_c058,99-22A_airplane_01_c132,0.895
2000-23_background_and_vehicle_noise_2_c058,99-24_airplane_01_c139,0.875
2000-23_background_and_vehicle_noise_2_c058,99-45_airplane_01_c148,0.86
2000-23_background_and_vehicle_noise_2_c058,99-45_airplane_03_c154,0.911
2000-23_background_and_vehicle_noise_2_c058,99-45_vehicle_01_c188,0.858
2000-23_background_and_vehicle_noise_2_c058,99-45_vehicle_01_c190,0.869
2000-23_background_and_vehicle_noise_2_c063,2000-23_background_vehicle_noise_c067,0.846
2000-23_background_and_vehicle_noise_2_c063,2000-23_vehicle_noise_4_c075,0.834
2000-23_background_and_vehicle_noise_2_c063,2000-23_vehicle_noise_4_c076,0.834
2000-23_background_and_vehicle_noise_2_c063,2000-24_generator_noise_2_c083,0.897
2000-23_background_and_vehicle_noise_2_c063,2000-24_vehicle_noise_1_c108,0.821
2000-23_background_noise_1_c064,99-45_vehicle_02_c196,0.923
2000-23_background_noise_1_c064,99-45_vehicle_02_c204,0.904
2000-23_background_noise_1_c065,2000-24_generator_noise_4_c088,0.802
2000-23_background_noise_1_c065,2000-24_vehicle_noise_1_c110,0.83
2000-23_background_noise_1_c065,99-37_airplane_02_c143,0.943
2000-23_background_noise_1_c066,2000-23_background_vehicle_noise_c068,0.805
2000-23_background_noise_1_c066,2000-23_vehicle_noise_1_c071,0.91
2000-23_background_noise_1_c066,2000-23_vehicle_noise_4_c078,0.827
2000-23_background_noise_1_c066,2000-24_generator_noise_2_c082,0.884
2000-23_background_noise_1_c066,2000-24_generator_noise_3_c087,0.833
2000-23_background_noise_1_c066,2000-3_airplane_03_c118,0.925
2000-23_background_vehicle_noise_c067,2002-2_airplane_01_c122,0.832
2000-23_background_vehicle_noise_c067,99-24_airplane_01_c140,0.901
2000-23_background_vehicle_noise_c068,2000-23_vehicle_noise_1_c071,0.897
2000-23_background_vehicle_noise_c068,2000-24_generator_noise_2_c082,0.829
2000-23_background_vehicle_noise_c068,2000-24_generator_noise_3_c086,0.85
2000-23_background_vehicle_noise_c068,2000-3_airplane_02_c117,0.98
2000-23_background_vehicle_noise_c068,2000-3_airplane_03_c118,0.841
2000-23_background_vehicle_noise_c068,99-22A_airplane_01_c130,0.926
2000-23_background_vehicle_noise_c068,99-24_airplane_01_c141,0.846
2000-23_background_vehicle_noise_c068,99-45_vehicle_01_c181,0.825
2000-23_background_vehicle_noise_c068,99-45_vehicle_01_c184,0.88
2000-23_background_vehicle_noise_c068,99-45_vehicle_01_c185,0.813
2000-23_background_vehicle_noise_c068,99-45_vehicle_02_c192,0.899
2000-23_background_vehicle_noise_c068,99-45_vehicle_02_c193,0.82
2000-23_vehicle_noise_1_c069,2000-24_generator_noise_4_c091,0.892
2000-23_vehicle_noise_1_c069,2000-24_generator_noise_4_c096,0.882
2000-23_vehicle_noise_1_c069,2000-24_vehicle_noise_1_c103,0.904
2000-23_vehicle_noise_1_c069,2000-24_vehicle_noise_1_c106,0.91
2000-23_vehicle_noise_1_c069,2000-24_vehicle_noise_1_c112,0.81
2000-23_vehicle_noise_1_c069,2003-7_airplane_01_c124,0.851
2000-23_vehicle_noise_1_c069,99-22A_airplane_01_c132,0.842
2000-23_vehicle_noise_1_c069,99-45_airplane_03_c154,0.912
2000-23_vehicle_noise_1_c070,2000-24_generator_noise_3_c087,0.87
2000-23_vehicle_noise_1_c070,2000-24_generator_noise_4_c090,0.944
2000-23_vehicle_noise_1_c070,2003-7_airplane_01_c126,0.88
2000-23_vehicle_noise_1_c071,2000-23_vehicle_noise_4_c078,0.839
2000-23_vehicle_noise_1_c071,2000-24_generator_noise_2_c082,0.953
2000-23_vehicle_noise_1_c071,2000-24_generator_noise_3_c086,0.902
2000-23_vehicle_noise_1_c071,2000-3_airplane_02_c117,0.917
2000-23_vehicle_noise_1_c071,2000-3_airplane_03_c118,0.936
2000-23_vehicle_noise_1_c071,99-22A_airplane_01_c130,0.842
2000-23_vehicle_noise_1_c071,99-24_airplane_01_c141,0.803
2000-23_vehicle_noise_1_c071,99-45_vehicle_01_c184,0.855
2000-23_vehicle_noise_1_c071,99-45_vehicle_02_c192,0.868
2000-23_vehicle_noise_1_c071,99-45_vehicle_02_c193,0.879
2000-23_vehicle_noise_1_c071,99-45_vehicle_02_c194,0.825
2000-23_vehicle_noise_3_c073,2000-23_vehicle_noise_4_c077,0.861
2000-23_vehicle_noise_3_c073,2000-24_vehicle_noise_1_c101,0.965
2000-23_vehicle_noise_3_c073,2000-24_vehicle_noise_1_c107,0.915
2000-23_vehicle_noise_3_c073,2000-27_airplane_01_c114,0.89
2000-23_vehicle_noise_3_c073,2003-7_airplane_01_c125,0.827
2000-23_vehicle_noise_3_c073,99-37_airplane_02_c143,0.855
2000-23_vehicle_noise_3_c074,2000-23_vehicle_noise_4_c076,0.979
2000-23_vehicle_noise_3_c074,2000-24_generator_noise_4_c094,0.858
2000-23_vehicle_noise_3_c074,2000-24_generator_noise_4_c095,0.941
2000-23_vehicle_noise_3_c074,2000-24_vehicle_and_generator_noise_1_c097,0.813
2000-23_vehicle_noise_3_c074,2000-27_airplane_01_c114,0.829
2000-23_vehicle_noise_3_c074,99-37_airplane_02_c143,0.807
2000-23_vehicle_noise_4_c075,2000-24_generator_noise_1_c080,0.807
2000-23_vehicle_noise_4_c075,2000-24_generator_noise_4_c092,0.949
2000-23_vehicle_noise_4_c075,2000-24_vehicle_and_generator_noise_1_c098,0.91
2000-23_vehicle_noise_4_c076,2000-24_generator_noise_2_c084,0.833
2000-23_vehicle_noise_4_c076,2000-24_generator_noise_4_c094,0.858
2000-23_vehicle_noise_4_c076,2000-24_generator_noise_4_c095,0.924
2000-23_vehicle_noise_4_c076,2000-24_vehicle_and_generator_noise_1_c097,0.84
2000-23_vehicle_noise_4_c077,2000-24_vehicle_noise_1_c101,0.874
2000-23_vehicle_noise_4_c077,2000-24_vehicle_noise_1_c107,0.847
2000-23_vehicle_noise_4_c077,2003-7_airplane_01_c125,0.803
2000-23_vehicle_noise_4_c077,99-37_airplane_and_vehicle_01_c145,0.803
2000-23_vehicle_noise_4_c077,99-45_vehicle_01_c164,0.802
2000-23_vehicle_noise_4_c078,2000-3_airplane_03_c118,0.929
2000-23_vehicle_noise_4_c078,J86-1_airplane_01_c211,0.84
2000-23_vehicle_noise_4_c079,2000-24_generator_noise_2_c083,0.82
2000-23_vehicle_noise_4_c079,2000-24_generator_noise_2_c084,0.812
2000-23_vehicle_noise_4_c079,2000-24_generator_noise_4_c096,0.859
2000-23_vehicle_noise_4_c079,2000-24_vehicle_and_generator_noise_1_c097,0.842
2000-23_vehicle_noise_4_c079,2000-24_vehicle_noise_1_c108,0.945
2000-24_generator_noise_1_c080,2000-24_generator_noise_4_c092,0.929
2000-24_generator_noise_2_c081,2000-24_vehicle_noise_1_c105,0.946
2000-24_generator_noise_2_c081,2000-24_vehicle_noise_1_c106,0.825
2000-24_generator_noise_2_c081,2002-2_airplane_01_c120,0.911
2000-24_generator_noise_2_c081,99-24_airplane_01_c138,0.911
2000-24_generator_noise_2_c081,99-24_airplane_01_c139,0.807
2000-24_generator_noise_2_c081,99-37_airplane_and_vehicle_01_c144,0.812
2000-24_generator_noise_2_c081,99-45_airplane_01_c148,0.819
2000-24_generator_noise_2_c081,99-45_airplane_03_c157,0.898
2000-24_generator_noise_2_c081,99-45_vehicle_01_c161,0.874
2000-24_generator_noise_2_c081,99-45_vehicle_01_c187,0.883
2000-24_generator_noise_2_c082,2000-24_generator_noise_3_c086,0.837
2000-24_generator_noise_2_c082,2000-24_generator_noise_3_c087,0.818
2000-24_generator_noise_2_c082,2000-3_airplane_02_c117,0.833
2000-24_generator_noise_2_c082,2000-3_airplane_03_c118,0.81
2000-24_generator_noise_2_c082,99-22A_airplane_01_c130,0.876
2000-24_generator_noise_2_c082,99-45_airplane_03_c155,0.823
2000-24_generator_noise_2_c082,99-45_vehicle_02_c193,0.827
2000-24_generator_noise_2_c083,2000-24_vehicle_and_generator_noise_1_c098,0.898
2000-24_generator_noise_2_c083,2000-24_vehicle_noise_1_c106,0.814
2000-24_generator_noise_2_c083,2000-24_vehicle_noise_1_c108,0.922
2000-24_generator_noise_2_c084,2000-24_vehicle_noise_1_c108,0.87
2000-24_generator_noise_2_c085,2000-3_airplane_02_c116,0.889
2000-24_generator_noise_2_c085,2002-2_airplane_01_c119,0.806
2000-24_generator_noise_2_c085,2003-7_airplane_01_c124,0.93
2000-24_generator_noise_2_c085,99-45_airplane_03_c154,0.857
2000-24_generator_noise_3_c086,2000-3_airplane_02_c117,0.914
2000-24_generator_noise_3_c086,2000-3_airplane_03_c118,0.801
2000-24_generator_noise_3_c086,99-22A_airplane_01_c130,0.813
2000-24_generator_noise_3_c086,99-24_airplane_01_c141,0.908
2000-24_generator_noise_3_c086,99-45_vehicle_01_c166,0.886
2000-24_generator_noise_3_c086,99-45_vehicle_01_c173,0.859
2000-24_generator_noise_3_c086,99-45_vehicle_01_c184,0.901
2000-24_generator_noise_3_c086,99-45_vehicle_01_c185,0.883
2000-24_generator_noise_3_c086,99-45_vehicle_02_c192,0.851
2000-24_generator_noise_3_c086,99-45_vehicle_02_c193,0.948
2000-24_generator_noise_3_c086,99-45_vehicle_02_c194,0.883
2000-24_generator_noise_3_c086,99-45_vehicle_02_c202,0.843
2000-24_generator_noise_3_c087,2000-24_generator_noise_4_c090,0.944
2000-24_generator_noise_3_c087,2003-7_airplane_01_c126,0.812
2000-24_generator_noise_3_c087,99-37_airplane_and_vehicle_01_c146,0.808
2000-24_generator_noise_4_c088,2000-24_vehicle_noise_1_c101,0.802
2000-24_generator_noise_4_c088,2000-24_vehicle_noise_1_c109,0.812
2000-24_generator_noise_4_c088,2000-24_vehicle_noise_1_c111,0.874
2000-24_generator_noise_4_c088,99-37_airplane_02_c142,0.833
2000-24_generator_noise_4_c088,99-37_airplane_02_c143,0.817
2000-24_generator_noise_4_c089,2000-24_vehicle_noise_1_c100,0.82
2000-24_generator_noise_4_c089,2002-2_airplane_01_c121,0.862
2000-24_generator_noise_4_c090,2003-7_airplane_01_c126,0.859
2000-24_generator_noise_4_c090,99-37_airplane_and_vehicle_01_c146,0.837
2000-24_generator_noise_4_c091,2000-24_vehicle_noise_1_c103,0.915
2000-24_generator_noise_4_c091,2000-24_vehicle_noise_1_c106,0.86
2000-24_generator_noise_4_c091,99-22A_airplane_01_c132,0.927
2000-24_generator_noise_4_c091,99-24_airplane_01_c139,0.954
2000-24_generator_noise_4_c091,99-45_airplane_01_c148,0.924
2000-24_generator_noise_4_c091,99-45_airplane_03_c154,0.877
2000-24_generator_noise_4_c091,99-45_vehicle_01_c188,0.905
2000-24_generator_noise_4_c091,99-45_vehicle_01_c190,0.93
2000-24_generator_noise_4_c092,2000-24_vehicle_and_generator_noise_1_c098,0.908
2000-24_generator_noise_4_c093,2000-24_generator_noise_4_c094,0.908
2000-24_generator_noise_4_c093,2000-24_generator_noise_4_c095,0.843
2000-24_generator_noise_4_c093,2000-24_vehicle_noise_2_c113,0.901
2000-24_generator_noise_4_c093,2000-27_airplane_01_c114,0.918
2000-24_generator_noise_4_c094,2000-24_generator_noise_4_c095,0.937
2000-24_generator_noise_4_c094,2000-24_vehicle_and_generator_noise_1_c097,0.948
2000-24_generator_noise_4_c095,2000-24_vehicle_and_generator_noise_1_c097,0.884
2000-24_generator_noise_4_c095,2000-27_airplane_01_c114,0.863
2000-24_generator_noise_4_c096,2000-24_vehicle_noise_1_c106,0.917
2000-24_generator_noise_4_c096,2000-24_vehicle_noise_1_c112,0.912
2000-24_generator_noise_4_c096,2002-2_airplane_01_c120,0.924
2000-24_generator_noise_4_c096,99-45_vehicle_01_c187,0.868
2000-24_vehicle_and_generator_noise_1_c098,2000-24_vehicle_noise_1_c106,0.819
2000-24_vehicle_and_generator_noise_1_c098,99-45_vehicle_01_c188,0.85
2000-24_vehicle_noise_1_c099,2000-24_vehicle_noise_1_c112,0.876
2000-24_vehicle_noise_1_c101,2000-24_vehicle_noise_1_c107,0.863
2000-24_vehicle_noise_1_c101,2000-27_airplane_01_c114,0.895
2000-24_vehicle_noise_1_c101,2003-7_airplane_01_c125,0.807
2000-24_vehicle_noise_1_c101,99-37_airplane_02_c143,0.858
2000-24_vehicle_noise_1_c102,99-45_vehicle_01_c166,0.933
2000-24_vehicle_noise_1_c102,99-45_vehicle_02_c202,0.917
2000-24_vehicle_noise_1_c102,J86-1_airplane_01_c211,0.915
2000-24_vehicle_noise_1_c103,2000-3_airplane_02_c116,0.807
2000-24_vehicle_noise_1_c103,2003-7_airplane_01_c124,0.813
2000-24_vehicle_noise_1_c103,99-22A_airplane_01_c132,0.802
2000-24_vehicle_noise_1_c103,99-24_airplane_01_c139,0.825
2000-24_vehicle_noise_1_c103,99-45_airplane_01_c148,0.933
2000-24_vehicle_noise_1_c103,99-45_airplane_03_c154,0.844
2000-24_vehicle_noise_1_c104,2002-2_airplane_01_c121,0.89
2000-24_vehicle_noise_1_c104,99-45_vehicle_01_c186,0.804
2000-24_vehicle_noise_1_c105,2002-2_airplane_01_c120,0.84
2000-24_vehicle_noise_1_c105,99-24_airplane_01_c138,0.918
2000-24_vehicle_noise_1_c105,99-37_airplane_and_vehicle_01_c144,0.892
2000-24_vehicle_noise_1_c105,99-45_airplane_03_c157,0.907
2000-24_vehicle_noise_1_c105,99-45_vehicle_01_c174,0.835
2000-24_vehicle_noise_1_c105,99-45_vehicle_01_c187,0.875
2000-24_vehicle_noise_1_c106,2000-24_vehicle_noise_1_c112,0.824
2000-24_vehicle_noise_1_c106,2002-2_airplane_01_c120,0.926
2000-24_vehicle_noise_1_c106,99-24_airplane_01_c139,0.817
2000-24_vehicle_noise_1_c106,99-45_vehicle_01_c187,0.816
2000-24_vehicle_noise_1_c106,99-45_vehicle_01_c188,0.822
2000-24_vehicle_noise_1_c107,99-37_airplane_02_c143,0.832
2000-24_vehicle_noise_1_c109,2000-24_vehicle_noise_1_c110,0.876
2000-24_vehicle_noise_1_c109,99-37_airplane_02_c142,0.866
2000-24_vehicle_noise_1_c109,99-45_vehicle_01_c189,0.912
2000-24_vehicle_noise_1_c109,99-45_vehicle_02_c201,0.829
2000-24_vehicle_noise_1_c109,99-45_vehicle_02_c203,0.819
2000-24_vehicle_noise_1_c110,99-45_vehicle_01_c164,0.902
2000-24_vehicle_noise_1_c110,99-45_vehicle_01_c165,0.873
2000-24_vehicle_noise_1_c111,99-37_airplane_02_c143,0.848
2000-24_vehicle_noise_1_c112,2002-2_airplane_01_c120,0.917
2000-27_airplane_01_c114,2000-27_airplane_01_c115,0.805
2000-27_airplane_01_c114,2003-7_airplane_01_c125,0.828
2000-27_airplane_01_c115,99-45_vehicle_02_c210,0.812
2000-3_airplane_02_c116,2002-2_airplane_01_c119,0.974
2000-3_airplane_02_c116,99-45_airplane_03_c154,0.882
2000-3_airplane_02_c116,99-45_vehicle_01_c177,0.805
2000-3_airplane_02_c116,99-45_vehicle_01_c179,0.879
2000-3_airplane_02_c117,2000-3_airplane_03_c118,0.864
2000-3_airplane_02_c117,99-22A_airplane_01_c130,0.883
2000-3_airplane_02_c117,99-24_airplane_01_c141,0.855
2000-3_airplane_02_c117,99-45_vehicle_01_c166,0.824
2000-3_airplane_02_c117,99-45_vehicle_01_c181,0.801
2000-3_airplane_02_c117,99-45_vehicle_01_c184,0.951
2000-3_airplane_02_c117,99-45_vehicle_01_c185,0.874
2000-3_airplane_02_c117,99-45_vehicle_02_c192,0.957
2000-3_airplane_02_c117,99-45_vehicle_02_c193,0.91
2000-3_airplane_02_c117,99-45_vehicle_02_c194,0.802
2000-3_airplane_03_c118,99-45_vehicle_01_c184,0.809
2000-3_airplane_03_c118,99-45_vehicle_02_c192,0.849
2002-2_airplane_01_c119,99-45_vehicle_01_c177,0.844
2002-2_airplane_01_c119,99-45_vehicle_01_c179,0.903
2002-2_airplane_01_c120,99-45_vehicle_01_c187,0.858
2002-2_airplane_01_c122,99-45_vehicle_02_c196,0.814
2003-7_airplane_01_c123,99-45_vehicle_01_c170,0.881
2003-7_airplane_01_c124,99-45_airplane_03_c154,0.836
2003-7_airplane_01_c125,99-37_airplane_02_c143,0.811
99-22A_airplane_01_c130,99-24_airplane_01_c141,0.873
99-22A_airplane_01_c132,99-22A_airplane_01_c133,0.905
99-22A_airplane_01_c132,99-24_airplane_01_c139,0.929
99-22A_airplane_01_c132,99-45_airplane_03_c154,0.954
99-22A_airplane_01_c132,99-45_vehicle_01_c188,0.971
99-22A_airplane_01_c132,99-45_vehicle_01_c190,0.984
99-22A_airplane_01_c133,99-24_airplane_01_c139,0.857
99-22A_airplane_01_c133,99-45_vehicle_01_c188,0.892
99-22A_airplane_01_c133,99-45_vehicle_01_c190,0.888
99-22A_airplane_01_c133,99-45_vehicle_02_c206,0.89
99-22A_airplane_01_c134,99-22A_airplane_01_c135,0.991
99-22A_airplane_01_c134,99-45_vehicle_01_c181,0.822
99-22A_airplane_01_c135,99-45_vehicle_01_c181,0.826
99-22A_airplane_01_c136,99-45_vehicle_01_c170,0.831
99-24_airplane_01_c138,99-45_airplane_01_c148,0.883
99-24_airplane_01_c138,99-45_airplane_03_c157,0.809
99-24_airplane_01_c138,99-45_vehicle_01_c174,0.931
99-24_airplane_01_c138,99-45_vehicle_01_c187,0.869
99-24_airplane_01_c139,99-45_airplane_01_c148,0.846
99-24_airplane_01_c139,99-45_airplane_03_c154,0.838
99-24_airplane_01_c139,99-45_vehicle_01_c161,0.848
99-24_airplane_01_c139,99-45_vehicle_01_c188,0.915
99-24_airplane_01_c139,99-45_vehicle_01_c190,0.919
99-24_airplane_01_c141,99-45_vehicle_01_c166,0.827
99-24_airplane_01_c141,99-45_vehicle_01_c173,0.842
99-24_airplane_01_c141,99-45_vehicle_01_c185,0.899
99-24_airplane_01_c141,99-45_vehicle_02_c202,0.875
99-37_airplane_02_c142,99-45_vehicle_02_c197,0.819
99-37_airplane_02_c142,99-45_vehicle_02_c210,0.828
99-37_airplane_and_vehicle_01_c144,99-45_vehicle_02_c204,0.808
99-37_airplane_and_vehicle_01_c145,99-45_vehicle_01_c164,0.915
99-37_airplane_and_vehicle_01_c145,99-45_vehicle_01_c165,0.92
99-37_airplane_and_vehicle_01_c146,99-45_airplane_03_c155,0.832
99-37_airplane_and_vehicle_01_c146,99-45_vehicle_01_c182,0.867
99-37_airplane_and_vehicle_01_c146,99-45_vehicle_02_c205,0.806
99-45_airplane_01_c147,99-45_vehicle_01_c189,0.819
99-45_airplane_01_c147,99-45_vehicle_02_c201,0.945
99-45_airplane_01_c147,99-45_vehicle_02_c203,0.841
99-45_airplane_01_c148,99-45_vehicle_01_c174,0.806
99-45_airplane_01_c148,99-45_vehicle_01_c187,0.801
99-45_airplane_01_c148,99-45_vehicle_01_c190,0.804
99-45_airplane_03_c154,99-45_vehicle_01_c188,0.872
99-45_airplane_03_c154,99-45_vehicle_01_c190,0.903
99-45_vehicle_01_c161,99-45_vehicle_01_c170,0.891
99-45_vehicle_01_c162,99-45_vehicle_01_c163,0.86
99-45_vehicle_01_c163,99-45_vehicle_01_c165,0.863
99-45_vehicle_01_c163,99-45_vehicle_01_c171,0.805
99-45_vehicle_01_c164,99-45_vehicle_01_c165,0.953
99-45_vehicle_01_c164,99-45_vehicle_01_c186,0.884
99-45_vehicle_01_c165,99-45_vehicle_01_c180,0.808
99-45_vehicle_01_c165,99-45_vehicle_01_c186,0.825
99-45_vehicle_01_c166,99-45_vehicle_01_c173,0.836
99-45_vehicle_01_c166,99-45_vehicle_01_c185,0.83
99-45_vehicle_01_c166,99-45_vehicle_02_c191,0.83
99-45_vehicle_01_c166,99-45_vehicle_02_c192,0.809
99-45_vehicle_01_c166,99-45_vehicle_02_c193,0.859
99-45_vehicle_01_c166,99-45_vehicle_02_c194,0.897
99-45_vehicle_01_c166,99-45_vehicle_02_c202,0.977
99-45_vehicle_01_c166,J86-1_airplane_01_c211,0.804
99-45_vehicle_01_c167,99-45_vehicle_01_c181,0.918
99-45_vehicle_01_c169,99-45_vehicle_02_c197,0.833
99-45_vehicle_01_c173,99-45_vehicle_01_c176,0.932
99-45_vehicle_01_c173,99-45_vehicle_01_c185,0.918
99-45_vehicle_01_c173,99-45_vehicle_02_c193,0.859
99-45_vehicle_01_c173,99-45_vehicle_02_c194,0.9
99-45_vehicle_01_c173,99-45_vehicle_02_c202,0.832
99-45_vehicle_01_c174,99-45_vehicle_01_c187,0.824
99-45_vehicle_01_c175,99-45_vehicle_01_c183,0.939
99-45_vehicle_01_c176,99-45_vehicle_01_c185,0.815
99-45_vehicle_01_c177,99-45_vehicle_01_c179,0.868
99-45_vehicle_01_c178,99-45_vehicle_01_c183,0.846
99-45_vehicle_01_c181,99-45_vehicle_02_c192,0.823
99-45_vehicle_01_c182,99-45_vehicle_02_c191,0.882
99-45_vehicle_01_c182,99-45_vehicle_02_c205,0.903
99-45_vehicle_01_c183,99-45_vehicle_02_c191,0.878
99-45_vehicle_01_c184,99-45_vehicle_01_c185,0.886
99-45_vehicle_01_c184,99-45_vehicle_02_c192,0.973
99-45_vehicle_01_c184,99-45_vehicle_02_c193,0.958
99-45_vehicle_01_c184,99-45_vehicle_02_c194,0.861
99-45_vehicle_01_c185,99-45_vehicle_02_c192,0.851
99-45_vehicle_01_c185,99-45_vehicle_02_c193,0.899
99-45_vehicle_01_c185,99-45_vehicle_02_c194,0.815
99-45_vehicle_01_c185,99-45_vehicle_02_c202,0.839
99-45_vehicle_01_c188,99-45_vehicle_01_c190,0.977
99-45_vehicle_01_c189,99-45_vehicle_02_c201,0.931
99-45_vehicle_01_c189,99-45_vehicle_02_c203,0.863
99-45_vehicle_01_c190,99-45_vehicle_02_c206,0.806
99-45_vehicle_02_c191,99-45_vehicle_02_c202,0.842
99-45_vehicle_02_c191,J86-1_airplane_01_c211,0.821
99-45_vehicle_02_c192,99-45_vehicle_02_c193,0.923
99-45_vehicle_02_c192,99-45_vehicle_02_c194,0.865
99-45_vehicle_02_c193,99-45_vehicle_02_c194,0.914
99-45_vehicle_02_c194,99-45_vehicle_02_c202,0.822
99-45_vehicle_02_c196,99-45_vehicle_02_c204,0.855
99-45_vehicle_02_c198,99-45_vehicle_02_c199,0.835
99-45_vehicle_02_c198,99-45_vehicle_02_c203,0.807
99-45_vehicle_02_c199,99-45_vehicle_02_c201,0.884
99-45_vehicle_02_c199,99-45_vehicle_02_c203,0.898
99-45_vehicle_02_c201,99-45_vehicle_02_c203,0.937
